[
  {
    "__metadata": {
      "id": "foo/LineItemsSet('-.-.-.-.-.-.8.8.4.-.4.-.-.3.-.4.-.-.-.-.-.-._.201412042014120400012014EURJ001._.R%28%20GJAHR%20%3D%20''2014''%20AND%20BUKRS%20%3D%20''0001''%20%29')",
      "uri": "foo/LineItemsSet('-.-.-.-.-.-.8.8.4.-.4.-.-.3.-.4.-.-.-.-.-.-._.201412042014120400012014EURJ001._.R%28%20GJAHR%20%3D%20''2014''%20AND%20BUKRS%20%3D%20''0001''%20%29')",
      "type": "com.sap.GL.zrha.LineItems"
    },
    "Bukrs": "0001",
    "Gjahr": "2014",
    "Kunnr": "0001",
    "Dmbtr": "1181082.74",
    "Hwaer": "EUR",
    "BUDAT": "/Date(1417651200000)/",
    "BLDAT": "/Date(1417651200000)/",
    "Cnt": 3,
    "Validated": true,
    "FISCAL_YEAR": "2007",
    "FISCAL_PERIOD": "006",
    "FISCAL_YEAR_PERIOD": "2007006",
    "FISCAL_QUARTER": "1",
    "FISCAL_YEAR_QUARTER": "20071",
    "FISCAL_WEEK": "18",
    "FISCAL_YEAR_WEEK": "200718",
    "FISCAL_DAY_OF_YEAR": "206",
    "Id": "1"
  },
  {
    "__metadata": {
      "id": "foo/LineItemsSet('-.-.-.-.-.-.8.8.4.-.4.-.-.3.-.4.-.-.-.-.-.-._.201412052014120500012014EURJ001._.R%28%20GJAHR%20%3D%20''2014''%20AND%20BUKRS%20%3D%20''0001''%20%29')",
      "uri": "foo/LineItemsSet('-.-.-.-.-.-.8.8.4.-.4.-.-.3.-.4.-.-.-.-.-.-._.201412052014120500012014EURJ001._.R%28%20GJAHR%20%3D%20''2014''%20AND%20BUKRS%20%3D%20''0001''%20%29')",
      "type": "com.sap.GL.zrha.LineItems"
    },
    "Bukrs": "0002",
    "Gjahr": "2014",
    "Kunnr": "0002",
    "Dmbtr": "208.26",
    "Hwaer": "EUR",
    "BUDAT": "/Date(1417737600000)/",
    "BLDAT": "/Date(1417737600000)/",
    "Cnt": 3,
    "Validated": false,
    "FISCAL_YEAR": "2008",
    "FISCAL_PERIOD": "484",
    "FISCAL_YEAR_PERIOD": "2008484",
    "FISCAL_QUARTER": "2",
    "FISCAL_YEAR_QUARTER": "20082",
    "FISCAL_WEEK": "01",
    "FISCAL_YEAR_WEEK": "200801",
    "FISCAL_DAY_OF_YEAR": "119",
    "Id": "2"
  },
  {
    "__metadata": {
      "id": "foo/LineItemsSet('-.-.-.-.-.-.8.8.4.-.4.-.-.3.-.4.-.-.-.-.-.-._.201412302014123000012014EURJ001._.R%28%20GJAHR%20%3D%20''2014''%20AND%20BUKRS%20%3D%20''0001''%20%29')",
      "uri": "foo/LineItemsSet('-.-.-.-.-.-.8.8.4.-.4.-.-.3.-.4.-.-.-.-.-.-._.201412302014123000012014EURJ001._.R%28%20GJAHR%20%3D%20''2014''%20AND%20BUKRS%20%3D%20''0001''%20%29')",
      "type": "com.sap.GL.zrha.LineItems"
    },
    "Bukrs": "0003",
    "Gjahr": "2014",
    "Kunnr": "0003",
    "Dmbtr": "6684.23",
    "Hwaer": "EUR",
    "BUDAT": "/Date(1419897600000)/",
    "BLDAT": "/Date(1419897600000)/",
    "Cnt": 2,
    "Validated": true,
    "FISCAL_YEAR": "2020",
    "FISCAL_PERIOD": "189",
    "FISCAL_YEAR_PERIOD": "2020189",
    "FISCAL_QUARTER": "3",
    "FISCAL_YEAR_QUARTER": "20203",
    "FISCAL_WEEK": "15",
    "FISCAL_YEAR_WEEK": "202015",
    "FISCAL_DAY_OF_YEAR": "185",
    "Id": "3"
  },
  {
    "__metadata": {
      "id": "foo/LineItemsSet('-.-.-.-.-.-.8.8.4.-.4.-.-.3.-.4.-.-.-.-.-.-._.201412112014121100012014EURJ001._.R%28%20GJAHR%20%3D%20''2014''%20AND%20BUKRS%20%3D%20''0001''%20%29')",
      "uri": "foo/LineItemsSet('-.-.-.-.-.-.8.8.4.-.4.-.-.3.-.4.-.-.-.-.-.-._.201412112014121100012014EURJ001._.R%28%20GJAHR%20%3D%20''2014''%20AND%20BUKRS%20%3D%20''0001''%20%29')",
      "type": "com.sap.GL.zrha.LineItems"
    },
    "Bukrs": "0001",
    "Gjahr": "2014",
    "Kunnr": "0004",
    "Dmbtr": "8149.72",
    "Hwaer": "EUR",
    "BUDAT": "/Date(1418256000000)/",
    "BLDAT": "/Date(1418256000000)/",
    "Cnt": 2,
    "Validated": true,
    "FISCAL_YEAR": "2019",
    "FISCAL_PERIOD": "171",
    "FISCAL_YEAR_PERIOD": "2019171",
    "FISCAL_QUARTER": "1",
    "FISCAL_YEAR_QUARTER": "20191",
    "FISCAL_WEEK": "30",
    "FISCAL_YEAR_WEEK": "201930",
    "FISCAL_DAY_OF_YEAR": "74",
    "Id": "4"
  },
  {
    "__metadata": {
      "id": "foo/LineItemsSet('-.-.-.-.-.-.8.8.4.-.4.-.-.3.-.4.-.-.-.-.-.-._.201412032014120300012014EURJ001._.R%28%20GJAHR%20%3D%20''2014''%20AND%20BUKRS%20%3D%20''0001''%20%29')",
      "uri": "foo/LineItemsSet('-.-.-.-.-.-.8.8.4.-.4.-.-.3.-.4.-.-.-.-.-.-._.201412032014120300012014EURJ001._.R%28%20GJAHR%20%3D%20''2014''%20AND%20BUKRS%20%3D%20''0001''%20%29')",
      "type": "com.sap.GL.zrha.LineItems"
    },
    "Bukrs": "0002",
    "Gjahr": "2014",
    "Kunnr": "0005",
    "Dmbtr": "1418880.43",
    "Hwaer": "EUR",
    "BUDAT": "/Date(1417564800000)/",
    "BLDAT": "/Date(1417564800000)/",
    "Cnt": 6,
    "Validated": true,
    "FISCAL_YEAR": "2006",
    "FISCAL_PERIOD": "639",
    "FISCAL_YEAR_PERIOD": "2006639",
    "FISCAL_QUARTER": "1",
    "FISCAL_YEAR_QUARTER": "20061",
    "FISCAL_WEEK": "45",
    "FISCAL_YEAR_WEEK": "200645",
    "FISCAL_DAY_OF_YEAR": "140",
    "Id": "5"
  },
  {
    "__metadata": {
      "id": "foo/LineItemsSet('-.-.-.-.-.-.8.8.4.-.4.-.-.3.-.5.-.-.-.-.-.-._.201412052014120500012014EURHEIKO._.R%28%20GJAHR%20%3D%20''2014''%20AND%20BUKRS%20%3D%20''0001''%20%29')",
      "uri": "foo/LineItemsSet('-.-.-.-.-.-.8.8.4.-.4.-.-.3.-.5.-.-.-.-.-.-._.201412052014120500012014EURHEIKO._.R%28%20GJAHR%20%3D%20''2014''%20AND%20BUKRS%20%3D%20''0001''%20%29')",
      "type": "com.sap.GL.zrha.LineItems"
    },
    "Bukrs": "0003",
    "Gjahr": "2014",
    "Kunnr": "0006",
    "Dmbtr": "-100.00",
    "Hwaer": "EUR",
    "BUDAT": "/Date(1417737600000)/",
    "BLDAT": "/Date(1417737600000)/",
    "Cnt": 1,
    "Validated": true,
    "FISCAL_YEAR": "2011",
    "FISCAL_PERIOD": "635",
    "FISCAL_YEAR_PERIOD": "2011635",
    "FISCAL_QUARTER": "2",
    "FISCAL_YEAR_QUARTER": "20112",
    "FISCAL_WEEK": "32",
    "FISCAL_YEAR_WEEK": "201132",
    "FISCAL_DAY_OF_YEAR": "290",
    "Id": "6"
  },
  {
    "__metadata": {
      "id": "foo/LineItemsSet('-.-.-.-.-.-.8.8.4.-.4.-.-.3.-.4.-.-.-.-.-.-._.201412082014120800012014EURJ001._.R%28%20GJAHR%20%3D%20''2014''%20AND%20BUKRS%20%3D%20''0001''%20%29')",
      "uri": "foo/LineItemsSet('-.-.-.-.-.-.8.8.4.-.4.-.-.3.-.4.-.-.-.-.-.-._.201412082014120800012014EURJ001._.R%28%20GJAHR%20%3D%20''2014''%20AND%20BUKRS%20%3D%20''0001''%20%29')",
      "type": "com.sap.GL.zrha.LineItems"
    },
    "Bukrs": "0001",
    "Gjahr": "2014",
    "Kunnr": "0007",
    "Dmbtr": "1388.36",
    "Hwaer": "EUR",
    "BUDAT": "/Date(1417996800000)/",
    "BLDAT": "/Date(1417996800000)/",
    "Cnt": 5,
    "Validated": true,
    "FISCAL_YEAR": "2007",
    "FISCAL_PERIOD": "319",
    "FISCAL_YEAR_PERIOD": "2007319",
    "FISCAL_QUARTER": "4",
    "FISCAL_YEAR_QUARTER": "20074",
    "FISCAL_WEEK": "11",
    "FISCAL_YEAR_WEEK": "200711",
    "FISCAL_DAY_OF_YEAR": "242",
    "Id": "7"
  },
  {
    "__metadata": {
      "id": "foo/LineItemsSet('-.-.-.-.-.-.8.8.4.-.4.-.-.3.-.3.-.-.-.-.-.-._.201409012014090100012014EURSP1._.R%28%20GJAHR%20%3D%20''2014''%20AND%20BUKRS%20%3D%20''0001''%20%29')",
      "uri": "foo/LineItemsSet('-.-.-.-.-.-.8.8.4.-.4.-.-.3.-.3.-.-.-.-.-.-._.201409012014090100012014EURSP1._.R%28%20GJAHR%20%3D%20''2014''%20AND%20BUKRS%20%3D%20''0001''%20%29')",
      "type": "com.sap.GL.zrha.LineItems"
    },
    "Bukrs": "0002",
    "Gjahr": "2014",
    "Kunnr": "0008",
    "Dmbtr": "700.00",
    "Hwaer": "EUR",
    "BUDAT": "/Date(1409529600000)/",
    "BLDAT": "/Date(1409529600000)/",
    "Cnt": 5,
    "Validated": true,
    "FISCAL_YEAR": "2009",
    "FISCAL_PERIOD": "528",
    "FISCAL_YEAR_PERIOD": "2009528",
    "FISCAL_QUARTER": "1",
    "FISCAL_YEAR_QUARTER": "20091",
    "FISCAL_WEEK": "49",
    "FISCAL_YEAR_WEEK": "200949",
    "FISCAL_DAY_OF_YEAR": "209",
    "Id": "8"
  },
  {
    "__metadata": {
      "id": "foo/LineItemsSet('-.-.-.-.-.-.8.8.4.-.4.-.-.3.-.7.-.-.-.-.-.-._.201412052014120500012014EURJS_TEST._.R%28%20GJAHR%20%3D%20''2014''%20AND%20BUKRS%20%3D%20''0001''%20%29')",
      "uri": "foo/LineItemsSet('-.-.-.-.-.-.8.8.4.-.4.-.-.3.-.7.-.-.-.-.-.-._.201412052014120500012014EURJS_TEST._.R%28%20GJAHR%20%3D%20''2014''%20AND%20BUKRS%20%3D%20''0001''%20%29')",
      "type": "com.sap.GL.zrha.LineItems"
    },
    "Bukrs": "0003",
    "Gjahr": "2014",
    "Kunnr": "0010",
    "Dmbtr": "1000.00",
    "Hwaer": "EUR",
    "BUDAT": "/Date(1417737600000)/",
    "BLDAT": "/Date(1417737600000)/",
    "Cnt": 1,
    "Validated": true,
    "FISCAL_YEAR": "2017",
    "FISCAL_PERIOD": "951",
    "FISCAL_YEAR_PERIOD": "2017951",
    "FISCAL_QUARTER": "1",
    "FISCAL_YEAR_QUARTER": "20171",
    "FISCAL_WEEK": "07",
    "FISCAL_YEAR_WEEK": "201707",
    "FISCAL_DAY_OF_YEAR": "192",
    "Id": "9"
  },
  {
    "__metadata": {
      "id": "foo/LineItemsSet('-.-.-.-.-.-.8.8.4.-.4.-.-.3.-.4.-.-.-.-.-.-._.201412092014120900012014EURJ001._.R%28%20GJAHR%20%3D%20''2014''%20AND%20BUKRS%20%3D%20''0001''%20%29')",
      "uri": "foo/LineItemsSet('-.-.-.-.-.-.8.8.4.-.4.-.-.3.-.4.-.-.-.-.-.-._.201412092014120900012014EURJ001._.R%28%20GJAHR%20%3D%20''2014''%20AND%20BUKRS%20%3D%20''0001''%20%29')",
      "type": "com.sap.GL.zrha.LineItems"
    },
    "Bukrs": "0001",
    "Gjahr": "2014",
    "Kunnr": "0001",
    "Dmbtr": "12911.50",
    "Hwaer": "EUR",
    "BUDAT": "/Date(1418083200000)/",
    "BLDAT": "/Date(1418083200000)/",
    "Cnt": 3,
    "Validated": true,
    "FISCAL_YEAR": "2005",
    "FISCAL_PERIOD": "165",
    "FISCAL_YEAR_PERIOD": "2005165",
    "FISCAL_QUARTER": "2",
    "FISCAL_YEAR_QUARTER": "20052",
    "FISCAL_WEEK": "05",
    "FISCAL_YEAR_WEEK": "200505",
    "FISCAL_DAY_OF_YEAR": "118",
    "Id": "10"
  },
  {
    "__metadata": {
      "id": "foo/LineItemsSet('-.-.-.-.-.-.8.8.4.-.4.-.-.3.-.4.-.-.-.-.-.-._.201411082014110800012014EURJ001._.R%28%20GJAHR%20%3D%20''2014''%20AND%20BUKRS%20%3D%20''0001''%20%29')",
      "uri": "foo/LineItemsSet('-.-.-.-.-.-.8.8.4.-.4.-.-.3.-.4.-.-.-.-.-.-._.201411082014110800012014EURJ001._.R%28%20GJAHR%20%3D%20''2014''%20AND%20BUKRS%20%3D%20''0001''%20%29')",
      "type": "com.sap.GL.zrha.LineItems"
    },
    "Bukrs": "0002",
    "Gjahr": "2014",
    "Kunnr": "0002",
    "Dmbtr": "16.68",
    "Hwaer": "EUR",
    "BUDAT": "/Date(1415404800000)/",
    "BLDAT": "/Date(1415404800000)/",
    "Cnt": 4,
    "Validated": true,
    "FISCAL_YEAR": "2010",
    "FISCAL_PERIOD": "230",
    "FISCAL_YEAR_PERIOD": "2010230",
    "FISCAL_QUARTER": "2",
    "FISCAL_YEAR_QUARTER": "20102",
    "FISCAL_WEEK": "02",
    "FISCAL_YEAR_WEEK": "201002",
    "FISCAL_DAY_OF_YEAR": "12",
    "Id": "11"
  },
  {
    "__metadata": {
      "id": "foo/LineItemsSet('-.-.-.-.-.-.8.8.4.-.4.-.-.3.-.4.-.-.-.-.-.-._.201411142014111400012014EURJ001._.R%28%20GJAHR%20%3D%20''2014''%20AND%20BUKRS%20%3D%20''0001''%20%29')",
      "uri": "foo/LineItemsSet('-.-.-.-.-.-.8.8.4.-.4.-.-.3.-.4.-.-.-.-.-.-._.201411142014111400012014EURJ001._.R%28%20GJAHR%20%3D%20''2014''%20AND%20BUKRS%20%3D%20''0001''%20%29')",
      "type": "com.sap.GL.zrha.LineItems"
    },
    "Bukrs": "0003",
    "Gjahr": "2014",
    "Kunnr": "0003",
    "Dmbtr": "229.15",
    "Hwaer": "EUR",
    "BUDAT": "/Date(1415923200000)/",
    "BLDAT": "/Date(1415923200000)/",
    "Cnt": 30,
    "Validated": true,
    "FISCAL_YEAR": "2017",
    "FISCAL_PERIOD": "415",
    "FISCAL_YEAR_PERIOD": "2017415",
    "FISCAL_QUARTER": "2",
    "FISCAL_YEAR_QUARTER": "20172",
    "FISCAL_WEEK": "48",
    "FISCAL_YEAR_WEEK": "201748",
    "FISCAL_DAY_OF_YEAR": "13",
    "Id": "12"
  },
  {
    "__metadata": {
      "id": "foo/LineItemsSet('-.-.-.-.-.-.8.8.4.-.4.-.-.3.-.4.-.-.-.-.-.-._.201412142014121400012014EURJ001._.R%28%20GJAHR%20%3D%20''2014''%20AND%20BUKRS%20%3D%20''0001''%20%29')",
      "uri": "foo/LineItemsSet('-.-.-.-.-.-.8.8.4.-.4.-.-.3.-.4.-.-.-.-.-.-._.201412142014121400012014EURJ001._.R%28%20GJAHR%20%3D%20''2014''%20AND%20BUKRS%20%3D%20''0001''%20%29')",
      "type": "com.sap.GL.zrha.LineItems"
    },
    "Bukrs": "0001",
    "Gjahr": "2014",
    "Kunnr": "0004",
    "Dmbtr": "120.79",
    "Hwaer": "EUR",
    "BUDAT": "/Date(1418515200000)/",
    "BLDAT": "/Date(1418515200000)/",
    "Cnt": 23,
    "Validated": true,
    "FISCAL_YEAR": "2007",
    "FISCAL_PERIOD": "261",
    "FISCAL_YEAR_PERIOD": "2007261",
    "FISCAL_QUARTER": "3",
    "FISCAL_YEAR_QUARTER": "20073",
    "FISCAL_WEEK": "23",
    "FISCAL_YEAR_WEEK": "200723",
    "FISCAL_DAY_OF_YEAR": "50",
    "Id": "13"
  },
  {
    "__metadata": {
      "id": "foo/LineItemsSet('-.-.-.-.-.-.8.8.4.-.4.-.-.3.-.4.-.-.-.-.-.-._.201411122014111200012014EURJ001._.R%28%20GJAHR%20%3D%20''2014''%20AND%20BUKRS%20%3D%20''0001''%20%29')",
      "uri": "foo/LineItemsSet('-.-.-.-.-.-.8.8.4.-.4.-.-.3.-.4.-.-.-.-.-.-._.201411122014111200012014EURJ001._.R%28%20GJAHR%20%3D%20''2014''%20AND%20BUKRS%20%3D%20''0001''%20%29')",
      "type": "com.sap.GL.zrha.LineItems"
    },
    "Bukrs": "0002",
    "Gjahr": "2014",
    "Kunnr": "0005",
    "Dmbtr": "509.34",
    "Hwaer": "EUR",
    "BUDAT": "/Date(1415750400000)/",
    "BLDAT": "/Date(1415750400000)/",
    "Cnt": 8,
    "Validated": true,
    "FISCAL_YEAR": "2017",
    "FISCAL_PERIOD": "353",
    "FISCAL_YEAR_PERIOD": "2017353",
    "FISCAL_QUARTER": "4",
    "FISCAL_YEAR_QUARTER": "20174",
    "FISCAL_WEEK": "02",
    "FISCAL_YEAR_WEEK": "201702",
    "FISCAL_DAY_OF_YEAR": "139",
    "Id": "14"
  },
  {
    "__metadata": {
      "id": "foo/LineItemsSet('-.-.-.-.-.-.8.8.4.-.4.-.-.3.-.4.-.-.-.-.-.-._.201411182014111800012014EURJ001._.R%28%20GJAHR%20%3D%20''2014''%20AND%20BUKRS%20%3D%20''0001''%20%29')",
      "uri": "foo/LineItemsSet('-.-.-.-.-.-.8.8.4.-.4.-.-.3.-.4.-.-.-.-.-.-._.201411182014111800012014EURJ001._.R%28%20GJAHR%20%3D%20''2014''%20AND%20BUKRS%20%3D%20''0001''%20%29')",
      "type": "com.sap.GL.zrha.LineItems"
    },
    "Bukrs": "0003",
    "Gjahr": "2014",
    "Kunnr": "0006",
    "Dmbtr": "3302.85",
    "Hwaer": "EUR",
    "BUDAT": "/Date(1416268800000)/",
    "BLDAT": "/Date(1416268800000)/",
    "Cnt": 7,
    "Validated": true,
    "FISCAL_YEAR": "2017",
    "FISCAL_PERIOD": "967",
    "FISCAL_YEAR_PERIOD": "2017967",
    "FISCAL_QUARTER": "4",
    "FISCAL_YEAR_QUARTER": "20174",
    "FISCAL_WEEK": "27",
    "FISCAL_YEAR_WEEK": "201727",
    "FISCAL_DAY_OF_YEAR": "191",
    "Id": "15"
  },
  {
    "__metadata": {
      "id": "foo/LineItemsSet('-.-.-.-.-.-.8.8.4.-.4.-.-.3.-.4.-.-.-.-.-.-._.201411132014111300012014EUREB01._.R%28%20GJAHR%20%3D%20''2014''%20AND%20BUKRS%20%3D%20''0001''%20%29')",
      "uri": "foo/LineItemsSet('-.-.-.-.-.-.8.8.4.-.4.-.-.3.-.4.-.-.-.-.-.-._.201411132014111300012014EUREB01._.R%28%20GJAHR%20%3D%20''2014''%20AND%20BUKRS%20%3D%20''0001''%20%29')",
      "type": "com.sap.GL.zrha.LineItems"
    },
    "Bukrs": "0001",
    "Gjahr": "2014",
    "Kunnr": "0007",
    "Dmbtr": "59892.90",
    "Hwaer": "EUR",
    "BUDAT": "/Date(1415836800000)/",
    "BLDAT": "/Date(1415836800000)/",
    "Cnt": 13,
    "Validated": true,
    "FISCAL_YEAR": "2002",
    "FISCAL_PERIOD": "025",
    "FISCAL_YEAR_PERIOD": "2002025",
    "FISCAL_QUARTER": "4",
    "FISCAL_YEAR_QUARTER": "20024",
    "FISCAL_WEEK": "42",
    "FISCAL_YEAR_WEEK": "200242",
    "FISCAL_DAY_OF_YEAR": "195",
    "Id": "16"
  },
  {
    "__metadata": {
      "id": "foo/LineItemsSet('-.-.-.-.-.-.8.8.4.-.4.-.-.3.-.4.-.-.-.-.-.-._.201411132014111300012014EURJ001._.R%28%20GJAHR%20%3D%20''2014''%20AND%20BUKRS%20%3D%20''0001''%20%29')",
      "uri": "foo/LineItemsSet('-.-.-.-.-.-.8.8.4.-.4.-.-.3.-.4.-.-.-.-.-.-._.201411132014111300012014EURJ001._.R%28%20GJAHR%20%3D%20''2014''%20AND%20BUKRS%20%3D%20''0001''%20%29')",
      "type": "com.sap.GL.zrha.LineItems"
    },
    "Bukrs": "0002",
    "Gjahr": "2014",
    "Kunnr": "0008",
    "Dmbtr": "876.99",
    "Hwaer": "EUR",
    "BUDAT": "/Date(1415836800000)/",
    "BLDAT": "/Date(1415836800000)/",
    "Cnt": 2,
    "Validated": true,
    "FISCAL_YEAR": "2014",
    "FISCAL_PERIOD": "444",
    "FISCAL_YEAR_PERIOD": "2014444",
    "FISCAL_QUARTER": "2",
    "FISCAL_YEAR_QUARTER": "20142",
    "FISCAL_WEEK": "27",
    "FISCAL_YEAR_WEEK": "201427",
    "FISCAL_DAY_OF_YEAR": "143",
    "Id": "17"
  },
  {
    "__metadata": {
      "id": "foo/LineItemsSet('-.-.-.-.-.-.8.8.4.-.4.-.-.3.-.7.-.-.-.-.-.-._.201301142014011400012014EURHAEU03D._.R%28%20GJAHR%20%3D%20''2014''%20AND%20BUKRS%20%3D%20''0001''%20%29')",
      "uri": "foo/LineItemsSet('-.-.-.-.-.-.8.8.4.-.4.-.-.3.-.7.-.-.-.-.-.-._.201301142014011400012014EURHAEU03D._.R%28%20GJAHR%20%3D%20''2014''%20AND%20BUKRS%20%3D%20''0001''%20%29')",
      "type": "com.sap.GL.zrha.LineItems"
    },
    "Bukrs": "0003",
    "Gjahr": "2014",
    "Kunnr": "0009",
    "Dmbtr": "1000000000.00",
    "Hwaer": "EUR",
    "BUDAT": "/Date(1389657600000)/",
    "BLDAT": "/Date(1358121600000)/",
    "Cnt": 1,
    "Validated": true,
    "FISCAL_YEAR": "2005",
    "FISCAL_PERIOD": "947",
    "FISCAL_YEAR_PERIOD": "2005947",
    "FISCAL_QUARTER": "3",
    "FISCAL_YEAR_QUARTER": "20053",
    "FISCAL_WEEK": "01",
    "FISCAL_YEAR_WEEK": "200501",
    "FISCAL_DAY_OF_YEAR": "304",
    "Id": "18"
  },
  {
    "__metadata": {
      "id": "foo/LineItemsSet('-.-.-.-.-.-.8.8.4.-.4.-.-.3.-.9.-.-.-.-.-.-._.201411142014111700012014EURHOFFMANNT._.R%28%20GJAHR%20%3D%20''2014''%20AND%20BUKRS%20%3D%20''0001''%20%29')",
      "uri": "foo/LineItemsSet('-.-.-.-.-.-.8.8.4.-.4.-.-.3.-.9.-.-.-.-.-.-._.201411142014111700012014EURHOFFMANNT._.R%28%20GJAHR%20%3D%20''2014''%20AND%20BUKRS%20%3D%20''0001''%20%29')",
      "type": "com.sap.GL.zrha.LineItems"
    },
    "Bukrs": "0001",
    "Gjahr": "2014",
    "Kunnr": "0010",
    "Dmbtr": "0.00",
    "Hwaer": "EUR",
    "BUDAT": "/Date(1416182400000)/",
    "BLDAT": "/Date(1415923200000)/",
    "Cnt": 8,
    "Validated": true,
    "FISCAL_YEAR": "2019",
    "FISCAL_PERIOD": "426",
    "FISCAL_YEAR_PERIOD": "2019426",
    "FISCAL_QUARTER": "4",
    "FISCAL_YEAR_QUARTER": "20194",
    "FISCAL_WEEK": "30",
    "FISCAL_YEAR_WEEK": "201930",
    "FISCAL_DAY_OF_YEAR": "116",
    "Id": "19"
  },
  {
    "__metadata": {
      "id": "foo/LineItemsSet('-.-.-.-.-.-.8.8.4.-.4.-.-.3.-.5.-.-.-.-.-.-._.201311012014110100012014EURTILL7._.R%28%20GJAHR%20%3D%20''2014''%20AND%20BUKRS%20%3D%20''0001''%20%29')",
      "uri": "foo/LineItemsSet('-.-.-.-.-.-.8.8.4.-.4.-.-.3.-.5.-.-.-.-.-.-._.201311012014110100012014EURTILL7._.R%28%20GJAHR%20%3D%20''2014''%20AND%20BUKRS%20%3D%20''0001''%20%29')",
      "type": "com.sap.GL.zrha.LineItems"
    },
    "Bukrs": "0002",
    "Gjahr": "2014",
    "Kunnr": "0001",
    "Dmbtr": "0.00",
    "Hwaer": "EUR",
    "BUDAT": "/Date(1414800000000)/",
    "BLDAT": "/Date(1383264000000)/",
    "Cnt": 2,
    "Validated": true,
    "FISCAL_YEAR": "2003",
    "FISCAL_PERIOD": "208",
    "FISCAL_YEAR_PERIOD": "2003208",
    "FISCAL_QUARTER": "1",
    "FISCAL_YEAR_QUARTER": "20031",
    "FISCAL_WEEK": "49",
    "FISCAL_YEAR_WEEK": "200349",
    "FISCAL_DAY_OF_YEAR": "282",
    "Id": "20"
  },
  {
    "__metadata": {
      "id": "foo/LineItemsSet('-.-.-.-.-.-.8.8.4.-.4.-.-.3.-.4.-.-.-.-.-.-._.201408012014080100012014EURER_1._.R%28%20GJAHR%20%3D%20''2014''%20AND%20BUKRS%20%3D%20''0001''%20%29')",
      "uri": "foo/LineItemsSet('-.-.-.-.-.-.8.8.4.-.4.-.-.3.-.4.-.-.-.-.-.-._.201408012014080100012014EURER_1._.R%28%20GJAHR%20%3D%20''2014''%20AND%20BUKRS%20%3D%20''0001''%20%29')",
      "type": "com.sap.GL.zrha.LineItems"
    },
    "Bukrs": "0003",
    "Gjahr": "2014",
    "Kunnr": "0002",
    "Dmbtr": "-1500.00",
    "Hwaer": "EUR",
    "BUDAT": "/Date(1406851200000)/",
    "BLDAT": "/Date(1406851200000)/",
    "Cnt": 1,
    "Validated": true,
    "FISCAL_YEAR": "2011",
    "FISCAL_PERIOD": "630",
    "FISCAL_YEAR_PERIOD": "2011630",
    "FISCAL_QUARTER": "2",
    "FISCAL_YEAR_QUARTER": "20112",
    "FISCAL_WEEK": "44",
    "FISCAL_YEAR_WEEK": "201144",
    "FISCAL_DAY_OF_YEAR": "343",
    "Id": "21"
  },
  {
    "__metadata": {
      "id": "foo/LineItemsSet('-.-.-.-.-.-.8.8.4.-.4.-.-.3.-.4.-.-.-.-.-.-._.201406062014060600012014EURER_1._.R%28%20GJAHR%20%3D%20''2014''%20AND%20BUKRS%20%3D%20''0001''%20%29')",
      "uri": "foo/LineItemsSet('-.-.-.-.-.-.8.8.4.-.4.-.-.3.-.4.-.-.-.-.-.-._.201406062014060600012014EURER_1._.R%28%20GJAHR%20%3D%20''2014''%20AND%20BUKRS%20%3D%20''0001''%20%29')",
      "type": "com.sap.GL.zrha.LineItems"
    },
    "Bukrs": "0001",
    "Gjahr": "2014",
    "Kunnr": "0003",
    "Dmbtr": "0.00",
    "Hwaer": "EUR",
    "BUDAT": "/Date(1402012800000)/",
    "BLDAT": "/Date(1402012800000)/",
    "Cnt": 8,
    "Validated": true,
    "FISCAL_YEAR": "2002",
    "FISCAL_PERIOD": "472",
    "FISCAL_YEAR_PERIOD": "2002472",
    "FISCAL_QUARTER": "1",
    "FISCAL_YEAR_QUARTER": "20021",
    "FISCAL_WEEK": "49",
    "FISCAL_YEAR_WEEK": "200249",
    "FISCAL_DAY_OF_YEAR": "266",
    "Id": "22"
  },
  {
    "__metadata": {
      "id": "foo/LineItemsSet('-.-.-.-.-.-.8.8.4.-.4.-.-.3.-.4.-.-.-.-.-.-._.201411202014112000012014EURJ001._.R%28%20GJAHR%20%3D%20''2014''%20AND%20BUKRS%20%3D%20''0001''%20%29')",
      "uri": "foo/LineItemsSet('-.-.-.-.-.-.8.8.4.-.4.-.-.3.-.4.-.-.-.-.-.-._.201411202014112000012014EURJ001._.R%28%20GJAHR%20%3D%20''2014''%20AND%20BUKRS%20%3D%20''0001''%20%29')",
      "type": "com.sap.GL.zrha.LineItems"
    },
    "Bukrs": "0002",
    "Gjahr": "2014",
    "Kunnr": "0004",
    "Dmbtr": "-13.68",
    "Hwaer": "EUR",
    "BUDAT": "/Date(1416441600000)/",
    "BLDAT": "/Date(1416441600000)/",
    "Cnt": 4,
    "Validated": true,
    "FISCAL_YEAR": "2004",
    "FISCAL_PERIOD": "131",
    "FISCAL_YEAR_PERIOD": "2004131",
    "FISCAL_QUARTER": "2",
    "FISCAL_YEAR_QUARTER": "20042",
    "FISCAL_WEEK": "20",
    "FISCAL_YEAR_WEEK": "200420",
    "FISCAL_DAY_OF_YEAR": "126",
    "Id": "23"
  },
  {
    "__metadata": {
      "id": "foo/LineItemsSet('-.-.-.-.-.-.8.8.4.-.4.-.-.3.-.4.-.-.-.-.-.-._.201411252014112500012014EURJ001._.R%28%20GJAHR%20%3D%20''2014''%20AND%20BUKRS%20%3D%20''0001''%20%29')",
      "uri": "foo/LineItemsSet('-.-.-.-.-.-.8.8.4.-.4.-.-.3.-.4.-.-.-.-.-.-._.201411252014112500012014EURJ001._.R%28%20GJAHR%20%3D%20''2014''%20AND%20BUKRS%20%3D%20''0001''%20%29')",
      "type": "com.sap.GL.zrha.LineItems"
    },
    "Bukrs": "0003",
    "Gjahr": "2014",
    "Kunnr": "0005",
    "Dmbtr": "1532.73",
    "Hwaer": "EUR",
    "BUDAT": "/Date(1416873600000)/",
    "BLDAT": "/Date(1416873600000)/",
    "Cnt": 4,
    "Validated": true,
    "FISCAL_YEAR": "2002",
    "FISCAL_PERIOD": "095",
    "FISCAL_YEAR_PERIOD": "2002095",
    "FISCAL_QUARTER": "2",
    "FISCAL_YEAR_QUARTER": "20022",
    "FISCAL_WEEK": "53",
    "FISCAL_YEAR_WEEK": "200253",
    "FISCAL_DAY_OF_YEAR": "169",
    "Id": "24"
  },
  {
    "__metadata": {
      "id": "foo/LineItemsSet('-.-.-.-.-.-.8.8.4.-.4.-.-.3.-.4.-.-.-.-.-.-._.201411302014113000012014EURJ001._.R%28%20GJAHR%20%3D%20''2014''%20AND%20BUKRS%20%3D%20''0001''%20%29')",
      "uri": "foo/LineItemsSet('-.-.-.-.-.-.8.8.4.-.4.-.-.3.-.4.-.-.-.-.-.-._.201411302014113000012014EURJ001._.R%28%20GJAHR%20%3D%20''2014''%20AND%20BUKRS%20%3D%20''0001''%20%29')",
      "type": "com.sap.GL.zrha.LineItems"
    },
    "Bukrs": "0001",
    "Gjahr": "2014",
    "Kunnr": "0006",
    "Dmbtr": "-4.17",
    "Hwaer": "EUR",
    "BUDAT": "/Date(1417305600000)/",
    "BLDAT": "/Date(1417305600000)/",
    "Cnt": 7,
    "Validated": true,
    "FISCAL_YEAR": "2016",
    "FISCAL_PERIOD": "256",
    "FISCAL_YEAR_PERIOD": "2016256",
    "FISCAL_QUARTER": "2",
    "FISCAL_YEAR_QUARTER": "20162",
    "FISCAL_WEEK": "10",
    "FISCAL_YEAR_WEEK": "201610",
    "FISCAL_DAY_OF_YEAR": "33",
    "Id": "25"
  },
  {
    "__metadata": {
      "id": "foo/LineItemsSet('-.-.-.-.-.-.8.8.4.-.4.-.-.3.-.4.-.-.-.-.-.-._.201411272014112700012014EURJ001._.R%28%20GJAHR%20%3D%20''2014''%20AND%20BUKRS%20%3D%20''0001''%20%29')",
      "uri": "foo/LineItemsSet('-.-.-.-.-.-.8.8.4.-.4.-.-.3.-.4.-.-.-.-.-.-._.201411272014112700012014EURJ001._.R%28%20GJAHR%20%3D%20''2014''%20AND%20BUKRS%20%3D%20''0001''%20%29')",
      "type": "com.sap.GL.zrha.LineItems"
    },
    "Bukrs": "0002",
    "Gjahr": "2014",
    "Kunnr": "0007",
    "Dmbtr": "16.66",
    "Hwaer": "EUR",
    "BUDAT": "/Date(1417046400000)/",
    "BLDAT": "/Date(1417046400000)/",
    "Cnt": 4,
    "Validated": true,
    "FISCAL_YEAR": "2001",
    "FISCAL_PERIOD": "714",
    "FISCAL_YEAR_PERIOD": "2001714",
    "FISCAL_QUARTER": "3",
    "FISCAL_YEAR_QUARTER": "20013",
    "FISCAL_WEEK": "46",
    "FISCAL_YEAR_WEEK": "200146",
    "FISCAL_DAY_OF_YEAR": "120",
    "Id": "26"
  },
  {
    "__metadata": {
      "id": "foo/LineItemsSet('-.-.-.-.-.-.8.8.4.-.4.-.-.3.-.4.-.-.-.-.-.-._.201411292014112900012014EURJ001._.R%28%20GJAHR%20%3D%20''2014''%20AND%20BUKRS%20%3D%20''0001''%20%29')",
      "uri": "foo/LineItemsSet('-.-.-.-.-.-.8.8.4.-.4.-.-.3.-.4.-.-.-.-.-.-._.201411292014112900012014EURJ001._.R%28%20GJAHR%20%3D%20''2014''%20AND%20BUKRS%20%3D%20''0001''%20%29')",
      "type": "com.sap.GL.zrha.LineItems"
    },
    "Bukrs": "0003",
    "Gjahr": "2014",
    "Kunnr": "0008",
    "Dmbtr": "-37.49",
    "Hwaer": "EUR",
    "BUDAT": "/Date(1417219200000)/",
    "BLDAT": "/Date(1417219200000)/",
    "Cnt": 1,
    "Validated": true,
    "FISCAL_YEAR": "2006",
    "FISCAL_PERIOD": "987",
    "FISCAL_YEAR_PERIOD": "2006987",
    "FISCAL_QUARTER": "2",
    "FISCAL_YEAR_QUARTER": "20062",
    "FISCAL_WEEK": "29",
    "FISCAL_YEAR_WEEK": "200629",
    "FISCAL_DAY_OF_YEAR": "329",
    "Id": "27"
  },
  {
    "__metadata": {
      "id": "foo/LineItemsSet('-.-.-.-.-.-.8.8.4.-.4.-.-.3.-.5.-.-.-.-.-.-._.201401212014012100012014EURHEIKO._.R%28%20GJAHR%20%3D%20''2014''%20AND%20BUKRS%20%3D%20''0001''%20%29')",
      "uri": "foo/LineItemsSet('-.-.-.-.-.-.8.8.4.-.4.-.-.3.-.5.-.-.-.-.-.-._.201401212014012100012014EURHEIKO._.R%28%20GJAHR%20%3D%20''2014''%20AND%20BUKRS%20%3D%20''0001''%20%29')",
      "type": "com.sap.GL.zrha.LineItems"
    },
    "Bukrs": "0001",
    "Gjahr": "2014",
    "Kunnr": "0009",
    "Dmbtr": "940.00",
    "Hwaer": "EUR",
    "BUDAT": "/Date(1390262400000)/",
    "BLDAT": "/Date(1390262400000)/",
    "Cnt": 10,
    "Validated": true,
    "FISCAL_YEAR": "2017",
    "FISCAL_PERIOD": "887",
    "FISCAL_YEAR_PERIOD": "2017887",
    "FISCAL_QUARTER": "2",
    "FISCAL_YEAR_QUARTER": "20172",
    "FISCAL_WEEK": "39",
    "FISCAL_YEAR_WEEK": "201739",
    "FISCAL_DAY_OF_YEAR": "363",
    "Id": "28"
  },
  {
    "__metadata": {
      "id": "foo/LineItemsSet('-.-.-.-.-.-.8.8.4.-.4.-.-.3.-.5.-.-.-.-.-.-._.201411192014111900012014EURHEIKO._.R%28%20GJAHR%20%3D%20''2014''%20AND%20BUKRS%20%3D%20''0001''%20%29')",
      "uri": "foo/LineItemsSet('-.-.-.-.-.-.8.8.4.-.4.-.-.3.-.5.-.-.-.-.-.-._.201411192014111900012014EURHEIKO._.R%28%20GJAHR%20%3D%20''2014''%20AND%20BUKRS%20%3D%20''0001''%20%29')",
      "type": "com.sap.GL.zrha.LineItems"
    },
    "Bukrs": "0002",
    "Gjahr": "2014",
    "Kunnr": "0010",
    "Dmbtr": "-100.00",
    "Hwaer": "EUR",
    "BUDAT": "/Date(1416355200000)/",
    "BLDAT": "/Date(1416355200000)/",
    "Cnt": 3,
    "Validated": true,
    "FISCAL_YEAR": "2019",
    "FISCAL_PERIOD": "143",
    "FISCAL_YEAR_PERIOD": "2019143",
    "FISCAL_QUARTER": "4",
    "FISCAL_YEAR_QUARTER": "20194",
    "FISCAL_WEEK": "38",
    "FISCAL_YEAR_WEEK": "201938",
    "FISCAL_DAY_OF_YEAR": "37",
    "Id": "29"
  },
  {
    "__metadata": {
      "id": "foo/LineItemsSet('-.-.-.-.-.-.8.8.4.-.4.-.-.3.-.5.-.-.-.-.-.-._.201411182014112000012014EURC0001._.R%28%20GJAHR%20%3D%20''2014''%20AND%20BUKRS%20%3D%20''0001''%20%29')",
      "uri": "foo/LineItemsSet('-.-.-.-.-.-.8.8.4.-.4.-.-.3.-.5.-.-.-.-.-.-._.201411182014112000012014EURC0001._.R%28%20GJAHR%20%3D%20''2014''%20AND%20BUKRS%20%3D%20''0001''%20%29')",
      "type": "com.sap.GL.zrha.LineItems"
    },
    "Bukrs": "0003",
    "Gjahr": "2014",
    "Kunnr": "0008",
    "Dmbtr": "-100.00",
    "Hwaer": "EUR",
    "BUDAT": "/Date(1416441600000)/",
    "BLDAT": "/Date(1416268800000)/",
    "Cnt": 1,
    "Validated": true,
    "FISCAL_YEAR": "2007",
    "FISCAL_PERIOD": "720",
    "FISCAL_YEAR_PERIOD": "2007720",
    "FISCAL_QUARTER": "3",
    "FISCAL_YEAR_QUARTER": "20073",
    "FISCAL_WEEK": "47",
    "FISCAL_YEAR_WEEK": "200747",
    "FISCAL_DAY_OF_YEAR": "75",
    "Id": "30"
  },
  {
    "__metadata": {
      "id": "foo/LineItemsSet('-.-.-.-.-.-.8.8.4.-.4.-.-.3.-.4.-.-.-.-.-.-._.201411212014112100012014EURJ001._.R%28%20GJAHR%20%3D%20''2014''%20AND%20BUKRS%20%3D%20''0001''%20%29')",
      "uri": "foo/LineItemsSet('-.-.-.-.-.-.8.8.4.-.4.-.-.3.-.4.-.-.-.-.-.-._.201411212014112100012014EURJ001._.R%28%20GJAHR%20%3D%20''2014''%20AND%20BUKRS%20%3D%20''0001''%20%29')",
      "type": "com.sap.GL.zrha.LineItems"
    },
    "Bukrs": "0001",
    "Gjahr": "2014",
    "Kunnr": "0007",
    "Dmbtr": "-45.81",
    "Hwaer": "EUR",
    "BUDAT": "/Date(1416528000000)/",
    "BLDAT": "/Date(1416528000000)/",
    "Cnt": 22,
    "Validated": true,
    "FISCAL_YEAR": "2011",
    "FISCAL_PERIOD": "973",
    "FISCAL_YEAR_PERIOD": "2011973",
    "FISCAL_QUARTER": "3",
    "FISCAL_YEAR_QUARTER": "20113",
    "FISCAL_WEEK": "48",
    "FISCAL_YEAR_WEEK": "201148",
    "FISCAL_DAY_OF_YEAR": "137",
    "Id": "31"
  },
  {
    "__metadata": {
      "id": "foo/LineItemsSet('-.-.-.-.-.-.8.8.4.-.4.-.-.3.-.4.-.-.-.-.-.-._.201412212014122100012014EURJ001._.R%28%20GJAHR%20%3D%20''2014''%20AND%20BUKRS%20%3D%20''0001''%20%29')",
      "uri": "foo/LineItemsSet('-.-.-.-.-.-.8.8.4.-.4.-.-.3.-.4.-.-.-.-.-.-._.201412212014122100012014EURJ001._.R%28%20GJAHR%20%3D%20''2014''%20AND%20BUKRS%20%3D%20''0001''%20%29')",
      "type": "com.sap.GL.zrha.LineItems"
    },
    "Bukrs": "0002",
    "Gjahr": "2014",
    "Kunnr": "0010",
    "Dmbtr": "12.50",
    "Hwaer": "EUR",
    "BUDAT": "/Date(1419120000000)/",
    "BLDAT": "/Date(1419120000000)/",
    "Cnt": 9,
    "Validated": true,
    "FISCAL_YEAR": "2020",
    "FISCAL_PERIOD": "451",
    "FISCAL_YEAR_PERIOD": "2020451",
    "FISCAL_QUARTER": "1",
    "FISCAL_YEAR_QUARTER": "20201",
    "FISCAL_WEEK": "13",
    "FISCAL_YEAR_WEEK": "202013",
    "FISCAL_DAY_OF_YEAR": "32",
    "Id": "32"
  },
  {
    "__metadata": {
      "id": "foo/LineItemsSet('-.-.-.-.-.-.8.8.4.-.4.-.-.3.-.4.-.-.-.-.-.-._.201411262014112600012014EURJ001._.R%28%20GJAHR%20%3D%20''2014''%20AND%20BUKRS%20%3D%20''0001''%20%29')",
      "uri": "foo/LineItemsSet('-.-.-.-.-.-.8.8.4.-.4.-.-.3.-.4.-.-.-.-.-.-._.201411262014112600012014EURJ001._.R%28%20GJAHR%20%3D%20''2014''%20AND%20BUKRS%20%3D%20''0001''%20%29')",
      "type": "com.sap.GL.zrha.LineItems"
    },
    "Bukrs": "0003",
    "Gjahr": "2014",
    "Kunnr": "0007",
    "Dmbtr": "4730.85",
    "Hwaer": "EUR",
    "BUDAT": "/Date(1416960000000)/",
    "BLDAT": "/Date(1416960000000)/",
    "Cnt": 12,
    "Validated": true,
    "FISCAL_YEAR": "2012",
    "FISCAL_PERIOD": "260",
    "FISCAL_YEAR_PERIOD": "2012260",
    "FISCAL_QUARTER": "1",
    "FISCAL_YEAR_QUARTER": "20121",
    "FISCAL_WEEK": "44",
    "FISCAL_YEAR_WEEK": "201244",
    "FISCAL_DAY_OF_YEAR": "111",
    "Id": "33"
  },
  {
    "__metadata": {
      "id": "foo/LineItemsSet('-.-.-.-.-.-.8.8.4.-.4.-.-.3.-.5.-.-.-.-.-.-._.201411202014112000012014EURC0001._.R%28%20GJAHR%20%3D%20''2014''%20AND%20BUKRS%20%3D%20''0001''%20%29')",
      "uri": "foo/LineItemsSet('-.-.-.-.-.-.8.8.4.-.4.-.-.3.-.5.-.-.-.-.-.-._.201411202014112000012014EURC0001._.R%28%20GJAHR%20%3D%20''2014''%20AND%20BUKRS%20%3D%20''0001''%20%29')",
      "type": "com.sap.GL.zrha.LineItems"
    },
    "Bukrs": "0001",
    "Gjahr": "2014",
    "Kunnr": "0008",
    "Dmbtr": "-765.00",
    "Hwaer": "EUR",
    "BUDAT": "/Date(1416441600000)/",
    "BLDAT": "/Date(1416441600000)/",
    "Cnt": 8,
    "Validated": true,
    "FISCAL_YEAR": "2001",
    "FISCAL_PERIOD": "738",
    "FISCAL_YEAR_PERIOD": "2001738",
    "FISCAL_QUARTER": "2",
    "FISCAL_YEAR_QUARTER": "20012",
    "FISCAL_WEEK": "21",
    "FISCAL_YEAR_WEEK": "200121",
    "FISCAL_DAY_OF_YEAR": "300",
    "Id": "34"
  },
  {
    "__metadata": {
      "id": "foo/LineItemsSet('-.-.-.-.-.-.8.8.4.-.4.-.-.3.-.5.-.-.-.-.-.-._.201411192014111900012014EURC0001._.R%28%20GJAHR%20%3D%20''2014''%20AND%20BUKRS%20%3D%20''0001''%20%29')",
      "uri": "foo/LineItemsSet('-.-.-.-.-.-.8.8.4.-.4.-.-.3.-.5.-.-.-.-.-.-._.201411192014111900012014EURC0001._.R%28%20GJAHR%20%3D%20''2014''%20AND%20BUKRS%20%3D%20''0001''%20%29')",
      "type": "com.sap.GL.zrha.LineItems"
    },
    "Bukrs": "0002",
    "Gjahr": "2014",
    "Kunnr": "0006",
    "Dmbtr": "-100.00",
    "Hwaer": "EUR",
    "BUDAT": "/Date(1416355200000)/",
    "BLDAT": "/Date(1416355200000)/",
    "Cnt": 2,
    "Validated": true,
    "FISCAL_YEAR": "2008",
    "FISCAL_PERIOD": "056",
    "FISCAL_YEAR_PERIOD": "2008056",
    "FISCAL_QUARTER": "3",
    "FISCAL_YEAR_QUARTER": "20083",
    "FISCAL_WEEK": "13",
    "FISCAL_YEAR_WEEK": "200813",
    "FISCAL_DAY_OF_YEAR": "332",
    "Id": "35"
  },
  {
    "__metadata": {
      "id": "foo/LineItemsSet('-.-.-.-.-.-.8.8.4.-.4.-.-.3.-.5.-.-.-.-.-.-._.201411212014112100012014EURC0001._.R%28%20GJAHR%20%3D%20''2014''%20AND%20BUKRS%20%3D%20''0001''%20%29')",
      "uri": "foo/LineItemsSet('-.-.-.-.-.-.8.8.4.-.4.-.-.3.-.5.-.-.-.-.-.-._.201411212014112100012014EURC0001._.R%28%20GJAHR%20%3D%20''2014''%20AND%20BUKRS%20%3D%20''0001''%20%29')",
      "type": "com.sap.GL.zrha.LineItems"
    },
    "Bukrs": "0003",
    "Gjahr": "2014",
    "Kunnr": "0005",
    "Dmbtr": "-670.00",
    "Hwaer": "EUR",
    "BUDAT": "/Date(1416528000000)/",
    "BLDAT": "/Date(1416528000000)/",
    "Cnt": 6,
    "Validated": true,
    "FISCAL_YEAR": "2017",
    "FISCAL_PERIOD": "219",
    "FISCAL_YEAR_PERIOD": "2017219",
    "FISCAL_QUARTER": "1",
    "FISCAL_YEAR_QUARTER": "20171",
    "FISCAL_WEEK": "24",
    "FISCAL_YEAR_WEEK": "201724",
    "FISCAL_DAY_OF_YEAR": "354",
    "Id": "36"
  },
  {
    "__metadata": {
      "id": "foo/LineItemsSet('-.-.-.-.-.-.8.8.4.-.4.-.-.3.-.4.-.-.-.-.-.-._.201411242014112400012014EURJ001._.R%28%20GJAHR%20%3D%20''2014''%20AND%20BUKRS%20%3D%20''0001''%20%29')",
      "uri": "foo/LineItemsSet('-.-.-.-.-.-.8.8.4.-.4.-.-.3.-.4.-.-.-.-.-.-._.201411242014112400012014EURJ001._.R%28%20GJAHR%20%3D%20''2014''%20AND%20BUKRS%20%3D%20''0001''%20%29')",
      "type": "com.sap.GL.zrha.LineItems"
    },
    "Bukrs": "0001",
    "Gjahr": "2014",
    "Kunnr": "0008",
    "Dmbtr": "264.18",
    "Hwaer": "EUR",
    "BUDAT": "/Date(1416787200000)/",
    "BLDAT": "/Date(1416787200000)/",
    "Cnt": 4,
    "Validated": true,
    "FISCAL_YEAR": "2013",
    "FISCAL_PERIOD": "241",
    "FISCAL_YEAR_PERIOD": "2013241",
    "FISCAL_QUARTER": "2",
    "FISCAL_YEAR_QUARTER": "20132",
    "FISCAL_WEEK": "04",
    "FISCAL_YEAR_WEEK": "201304",
    "FISCAL_DAY_OF_YEAR": "130",
    "Id": "37"
  },
  {
    "__metadata": {
      "id": "foo/LineItemsSet('-.-.-.-.-.-.8.8.4.-.4.-.-.3.-.4.-.-.-.-.-.-._.201411222014112200012014EURJ001._.R%28%20GJAHR%20%3D%20''2014''%20AND%20BUKRS%20%3D%20''0001''%20%29')",
      "uri": "foo/LineItemsSet('-.-.-.-.-.-.8.8.4.-.4.-.-.3.-.4.-.-.-.-.-.-._.201411222014112200012014EURJ001._.R%28%20GJAHR%20%3D%20''2014''%20AND%20BUKRS%20%3D%20''0001''%20%29')",
      "type": "com.sap.GL.zrha.LineItems"
    },
    "Bukrs": "0002",
    "Gjahr": "2014",
    "Kunnr": "0004",
    "Dmbtr": "-8.33",
    "Hwaer": "EUR",
    "BUDAT": "/Date(1416614400000)/",
    "BLDAT": "/Date(1416614400000)/",
    "Cnt": 1,
    "Validated": true,
    "FISCAL_YEAR": "2017",
    "FISCAL_PERIOD": "017",
    "FISCAL_YEAR_PERIOD": "2017017",
    "FISCAL_QUARTER": "4",
    "FISCAL_YEAR_QUARTER": "20174",
    "FISCAL_WEEK": "23",
    "FISCAL_YEAR_WEEK": "201723",
    "FISCAL_DAY_OF_YEAR": "328",
    "Id": "38"
  },
  {
    "__metadata": {
      "id": "foo/LineItemsSet('-.-.-.-.-.-.8.8.4.-.4.-.-.3.-.4.-.-.-.-.-.-._.201411242014112400012014EUREB01._.R%28%20GJAHR%20%3D%20''2014''%20AND%20BUKRS%20%3D%20''0001''%20%29')",
      "uri": "foo/LineItemsSet('-.-.-.-.-.-.8.8.4.-.4.-.-.3.-.4.-.-.-.-.-.-._.201411242014112400012014EUREB01._.R%28%20GJAHR%20%3D%20''2014''%20AND%20BUKRS%20%3D%20''0001''%20%29')",
      "type": "com.sap.GL.zrha.LineItems"
    },
    "Bukrs": "0002",
    "Gjahr": "2014",
    "Kunnr": "0010",
    "Dmbtr": "79.33",
    "Hwaer": "EUR",
    "BUDAT": "/Date(1416787200000)/",
    "BLDAT": "/Date(1416787200000)/",
    "Cnt": 1,
    "Validated": true,
    "FISCAL_YEAR": "2006",
    "FISCAL_PERIOD": "302",
    "FISCAL_YEAR_PERIOD": "2006302",
    "FISCAL_QUARTER": "1",
    "FISCAL_YEAR_QUARTER": "20061",
    "FISCAL_WEEK": "48",
    "FISCAL_YEAR_WEEK": "200648",
    "FISCAL_DAY_OF_YEAR": "160",
    "Id": "39"
  },
  {
    "__metadata": {
      "id": "foo/LineItemsSet('-.-.-.-.-.-.8.8.4.-.4.-.-.3.-.5.-.-.-.-.-.-._.201411242014112400012014EURC0001._.R%28%20GJAHR%20%3D%20''2014''%20AND%20BUKRS%20%3D%20''0001''%20%29')",
      "uri": "foo/LineItemsSet('-.-.-.-.-.-.8.8.4.-.4.-.-.3.-.5.-.-.-.-.-.-._.201411242014112400012014EURC0001._.R%28%20GJAHR%20%3D%20''2014''%20AND%20BUKRS%20%3D%20''0001''%20%29')",
      "type": "com.sap.GL.zrha.LineItems"
    },
    "Bukrs": "0002",
    "Gjahr": "2014",
    "Kunnr": "0008",
    "Dmbtr": "-2000.00",
    "Hwaer": "EUR",
    "BUDAT": "/Date(1416787200000)/",
    "BLDAT": "/Date(1416787200000)/",
    "Cnt": 2,
    "Validated": true,
    "FISCAL_YEAR": "2002",
    "FISCAL_PERIOD": "986",
    "FISCAL_YEAR_PERIOD": "2002986",
    "FISCAL_QUARTER": "1",
    "FISCAL_YEAR_QUARTER": "20021",
    "FISCAL_WEEK": "16",
    "FISCAL_YEAR_WEEK": "200216",
    "FISCAL_DAY_OF_YEAR": "21",
    "Id": "40"
  },
  {
    "__metadata": {
      "id": "foo/LineItemsSet('-.-.-.-.-.-.8.8.4.-.4.-.-.3.-.7.-.-.-.-.-.-._.201407252014072500012014EURTORSTEN._.R%28%20GJAHR%20%3D%20''2014''%20AND%20BUKRS%20%3D%20''0001''%20%29')",
      "uri": "foo/LineItemsSet('-.-.-.-.-.-.8.8.4.-.4.-.-.3.-.7.-.-.-.-.-.-._.201407252014072500012014EURTORSTEN._.R%28%20GJAHR%20%3D%20''2014''%20AND%20BUKRS%20%3D%20''0001''%20%29')",
      "type": "com.sap.GL.zrha.LineItems"
    },
    "Bukrs": "0002",
    "Gjahr": "2014",
    "Kunnr": "0003",
    "Dmbtr": "700.00",
    "Hwaer": "EUR",
    "BUDAT": "/Date(1406246400000)/",
    "BLDAT": "/Date(1406246400000)/",
    "Cnt": 8,
    "Validated": true,
    "FISCAL_YEAR": "2009",
    "FISCAL_PERIOD": "559",
    "FISCAL_YEAR_PERIOD": "2009559",
    "FISCAL_QUARTER": "1",
    "FISCAL_YEAR_QUARTER": "20091",
    "FISCAL_WEEK": "08",
    "FISCAL_YEAR_WEEK": "200908",
    "FISCAL_DAY_OF_YEAR": "329",
    "Id": "41"
  },
  {
    "__metadata": {
      "id": "foo/LineItemsSet('-.-.-.-.-.-.8.8.4.-.4.-.-.3.-.4.-.-.-.-.-.-._.201411252014112500012014EUREB01._.R%28%20GJAHR%20%3D%20''2014''%20AND%20BUKRS%20%3D%20''0001''%20%29')",
      "uri": "foo/LineItemsSet('-.-.-.-.-.-.8.8.4.-.4.-.-.3.-.4.-.-.-.-.-.-._.201411252014112500012014EUREB01._.R%28%20GJAHR%20%3D%20''2014''%20AND%20BUKRS%20%3D%20''0001''%20%29')",
      "type": "com.sap.GL.zrha.LineItems"
    },
    "Bukrs": "0002",
    "Gjahr": "2014",
    "Kunnr": "0007",
    "Dmbtr": "38.50",
    "Hwaer": "EUR",
    "BUDAT": "/Date(1416873600000)/",
    "BLDAT": "/Date(1416873600000)/",
    "Cnt": 1,
    "Validated": true,
    "FISCAL_YEAR": "2013",
    "FISCAL_PERIOD": "225",
    "FISCAL_YEAR_PERIOD": "2013225",
    "FISCAL_QUARTER": "2",
    "FISCAL_YEAR_QUARTER": "20132",
    "FISCAL_WEEK": "37",
    "FISCAL_YEAR_WEEK": "201337",
    "FISCAL_DAY_OF_YEAR": "34",
    "Id": "42"
  },
  {
    "__metadata": {
      "id": "foo/LineItemsSet('-.-.-.-.-.-.8.8.4.-.4.-.-.3.-.9.-.-.-.-.-.-._.201411262014112600012014EURWILZBACH1._.R%28%20GJAHR%20%3D%20''2014''%20AND%20BUKRS%20%3D%20''0001''%20%29')",
      "uri": "foo/LineItemsSet('-.-.-.-.-.-.8.8.4.-.4.-.-.3.-.9.-.-.-.-.-.-._.201411262014112600012014EURWILZBACH1._.R%28%20GJAHR%20%3D%20''2014''%20AND%20BUKRS%20%3D%20''0001''%20%29')",
      "type": "com.sap.GL.zrha.LineItems"
    },
    "Bukrs": "0002",
    "Gjahr": "2014",
    "Kunnr": "0002",
    "Dmbtr": "245.00",
    "Hwaer": "EUR",
    "BUDAT": "/Date(1416960000000)/",
    "BLDAT": "/Date(1416960000000)/",
    "Cnt": 1,
    "Validated": true,
    "FISCAL_YEAR": "2014",
    "FISCAL_PERIOD": "532",
    "FISCAL_YEAR_PERIOD": "2014532",
    "FISCAL_QUARTER": "2",
    "FISCAL_YEAR_QUARTER": "20142",
    "FISCAL_WEEK": "16",
    "FISCAL_YEAR_WEEK": "201416",
    "FISCAL_DAY_OF_YEAR": "100",
    "Id": "43"
  },
  {
    "__metadata": {
      "id": "foo/LineItemsSet('-.-.-.-.-.-.8.8.4.-.4.-.-.3.-.5.-.-.-.-.-.-._.201411272014112700012014EURC0001._.R%28%20GJAHR%20%3D%20''2014''%20AND%20BUKRS%20%3D%20''0001''%20%29')",
      "uri": "foo/LineItemsSet('-.-.-.-.-.-.8.8.4.-.4.-.-.3.-.5.-.-.-.-.-.-._.201411272014112700012014EURC0001._.R%28%20GJAHR%20%3D%20''2014''%20AND%20BUKRS%20%3D%20''0001''%20%29')",
      "type": "com.sap.GL.zrha.LineItems"
    },
    "Bukrs": "0002",
    "Gjahr": "2014",
    "Kunnr": "0001",
    "Dmbtr": "-1334.00",
    "Hwaer": "EUR",
    "BUDAT": "/Date(1417046400000)/",
    "BLDAT": "/Date(1417046400000)/",
    "Cnt": 2,
    "Validated": true,
    "FISCAL_YEAR": "2019",
    "FISCAL_PERIOD": "873",
    "FISCAL_YEAR_PERIOD": "2019873",
    "FISCAL_QUARTER": "3",
    "FISCAL_YEAR_QUARTER": "20193",
    "FISCAL_WEEK": "06",
    "FISCAL_YEAR_WEEK": "201906",
    "FISCAL_DAY_OF_YEAR": "266",
    "Id": "44"
  },
  {
    "__metadata": {
      "id": "foo/LineItemsSet('-.-.-.-.-.-.8.8.4.-.4.-.-.3.-.4.-.-.-.-.-.-._.201411102014111000012014EURJ001._.R%28%20GJAHR%20%3D%20''2014''%20AND%20BUKRS%20%3D%20''0001''%20%29')",
      "uri": "foo/LineItemsSet('-.-.-.-.-.-.8.8.4.-.4.-.-.3.-.4.-.-.-.-.-.-._.201411102014111000012014EURJ001._.R%28%20GJAHR%20%3D%20''2014''%20AND%20BUKRS%20%3D%20''0001''%20%29')",
      "type": "com.sap.GL.zrha.LineItems"
    },
    "Bukrs": "0003",
    "Gjahr": "2014",
    "Kunnr": "0008",
    "Dmbtr": "-41.66",
    "Hwaer": "EUR",
    "BUDAT": "/Date(1415577600000)/",
    "BLDAT": "/Date(1415577600000)/",
    "Cnt": 3,
    "Validated": true,
    "FISCAL_YEAR": "2012",
    "FISCAL_PERIOD": "963",
    "FISCAL_YEAR_PERIOD": "2012963",
    "FISCAL_QUARTER": "1",
    "FISCAL_YEAR_QUARTER": "20121",
    "FISCAL_WEEK": "09",
    "FISCAL_YEAR_WEEK": "201209",
    "FISCAL_DAY_OF_YEAR": "133",
    "Id": "45"
  },
  {
    "__metadata": {
      "id": "foo/LineItemsSet('-.-.-.-.-.-.8.8.4.-.4.-.-.3.-.4.-.-.-.-.-.-._.201412022014120200012014EURJ001._.R%28%20GJAHR%20%3D%20''2014''%20AND%20BUKRS%20%3D%20''0001''%20%29')",
      "uri": "foo/LineItemsSet('-.-.-.-.-.-.8.8.4.-.4.-.-.3.-.4.-.-.-.-.-.-._.201412022014120200012014EURJ001._.R%28%20GJAHR%20%3D%20''2014''%20AND%20BUKRS%20%3D%20''0001''%20%29')",
      "type": "com.sap.GL.zrha.LineItems"
    },
    "Bukrs": "0003",
    "Gjahr": "2014",
    "Kunnr": "0008",
    "Dmbtr": "11370.47",
    "Hwaer": "EUR",
    "BUDAT": "/Date(1417478400000)/",
    "BLDAT": "/Date(1417478400000)/",
    "Cnt": 7,
    "Validated": true,
    "FISCAL_YEAR": "2014",
    "FISCAL_PERIOD": "779",
    "FISCAL_YEAR_PERIOD": "2014779",
    "FISCAL_QUARTER": "3",
    "FISCAL_YEAR_QUARTER": "20143",
    "FISCAL_WEEK": "15",
    "FISCAL_YEAR_WEEK": "201415",
    "FISCAL_DAY_OF_YEAR": "244",
    "Id": "46"
  },
  {
    "__metadata": {
      "id": "foo/LineItemsSet('-.-.-.-.-.-.8.8.4.-.4.-.-.3.-.4.-.-.-.-.-.-._.201412122014121200012014EURJ001._.R%28%20GJAHR%20%3D%20''2014''%20AND%20BUKRS%20%3D%20''0001''%20%29')",
      "uri": "foo/LineItemsSet('-.-.-.-.-.-.8.8.4.-.4.-.-.3.-.4.-.-.-.-.-.-._.201412122014121200012014EURJ001._.R%28%20GJAHR%20%3D%20''2014''%20AND%20BUKRS%20%3D%20''0001''%20%29')",
      "type": "com.sap.GL.zrha.LineItems"
    },
    "Bukrs": "0003",
    "Gjahr": "2014",
    "Kunnr": "0009",
    "Dmbtr": "16.66",
    "Hwaer": "EUR",
    "BUDAT": "/Date(1418342400000)/",
    "BLDAT": "/Date(1418342400000)/",
    "Cnt": 2,
    "Validated": true,
    "FISCAL_YEAR": "2005",
    "FISCAL_PERIOD": "766",
    "FISCAL_YEAR_PERIOD": "2005766",
    "FISCAL_QUARTER": "4",
    "FISCAL_YEAR_QUARTER": "20054",
    "FISCAL_WEEK": "46",
    "FISCAL_YEAR_WEEK": "200546",
    "FISCAL_DAY_OF_YEAR": "169",
    "Id": "47"
  },
  {
    "__metadata": {
      "id": "foo/LineItemsSet('-.-.-.-.-.-.8.8.4.-.4.-.-.3.-.4.-.-.-.-.-.-._.201402182014021800012014EURTILL._.R%28%20GJAHR%20%3D%20''2014''%20AND%20BUKRS%20%3D%20''0001''%20%29')",
      "uri": "foo/LineItemsSet('-.-.-.-.-.-.8.8.4.-.4.-.-.3.-.4.-.-.-.-.-.-._.201402182014021800012014EURTILL._.R%28%20GJAHR%20%3D%20''2014''%20AND%20BUKRS%20%3D%20''0001''%20%29')",
      "type": "com.sap.GL.zrha.LineItems"
    },
    "Bukrs": "0003",
    "Gjahr": "2014",
    "Kunnr": "0007",
    "Dmbtr": "-21000.00",
    "Hwaer": "EUR",
    "BUDAT": "/Date(1392681600000)/",
    "BLDAT": "/Date(1392681600000)/",
    "Cnt": 4,
    "Validated": true,
    "FISCAL_YEAR": "2001",
    "FISCAL_PERIOD": "488",
    "FISCAL_YEAR_PERIOD": "2001488",
    "FISCAL_QUARTER": "1",
    "FISCAL_YEAR_QUARTER": "20011",
    "FISCAL_WEEK": "21",
    "FISCAL_YEAR_WEEK": "200121",
    "FISCAL_DAY_OF_YEAR": "226",
    "Id": "48"
  },
  {
    "__metadata": {
      "id": "foo/LineItemsSet('-.-.-.-.-.-.8.8.4.-.4.-.-.3.-.4.-.-.-.-.-.-._.201401162014011600012014EURTILL._.R%28%20GJAHR%20%3D%20''2014''%20AND%20BUKRS%20%3D%20''0001''%20%29')",
      "uri": "foo/LineItemsSet('-.-.-.-.-.-.8.8.4.-.4.-.-.3.-.4.-.-.-.-.-.-._.201401162014011600012014EURTILL._.R%28%20GJAHR%20%3D%20''2014''%20AND%20BUKRS%20%3D%20''0001''%20%29')",
      "type": "com.sap.GL.zrha.LineItems"
    },
    "Bukrs": "0003",
    "Gjahr": "2014",
    "Kunnr": "0009",
    "Dmbtr": "19780.00",
    "Hwaer": "EUR",
    "BUDAT": "/Date(1389830400000)/",
    "BLDAT": "/Date(1389830400000)/",
    "Cnt": 12,
    "Validated": true,
    "FISCAL_YEAR": "2008",
    "FISCAL_PERIOD": "345",
    "FISCAL_YEAR_PERIOD": "2008345",
    "FISCAL_QUARTER": "3",
    "FISCAL_YEAR_QUARTER": "20083",
    "FISCAL_WEEK": "38",
    "FISCAL_YEAR_WEEK": "200838",
    "FISCAL_DAY_OF_YEAR": "224",
    "Id": "49"
  },
  {
    "__metadata": {
      "id": "foo/LineItemsSet('-.-.-.-.-.-.8.8.4.-.4.-.-.3.-.4.-.-.-.-.-.-._.201401182014011500012014EURTILL._.R%28%20GJAHR%20%3D%20''2014''%20AND%20BUKRS%20%3D%20''0001''%20%29')",
      "uri": "foo/LineItemsSet('-.-.-.-.-.-.8.8.4.-.4.-.-.3.-.4.-.-.-.-.-.-._.201401182014011500012014EURTILL._.R%28%20GJAHR%20%3D%20''2014''%20AND%20BUKRS%20%3D%20''0001''%20%29')",
      "type": "com.sap.GL.zrha.LineItems"
    },
    "Bukrs": "0003",
    "Gjahr": "2014",
    "Kunnr": "0010",
    "Dmbtr": "-2500.00",
    "Hwaer": "EUR",
    "BUDAT": "/Date(1389744000000)/",
    "BLDAT": "/Date(1390003200000)/",
    "Cnt": 3,
    "Validated": true,
    "FISCAL_YEAR": "2013",
    "FISCAL_PERIOD": "992",
    "FISCAL_YEAR_PERIOD": "2013992",
    "FISCAL_QUARTER": "1",
    "FISCAL_YEAR_QUARTER": "20131",
    "FISCAL_WEEK": "13",
    "FISCAL_YEAR_WEEK": "201313",
    "FISCAL_DAY_OF_YEAR": "97",
    "Id": "50"
  },
  {
    "__metadata": {
      "id": "foo/LineItemsSet('-.-.-.-.-.-.8.8.4.-.4.-.-.3.-.7.-.-.-.-.-.-._.201401312014013100012014EURKAST01D._.R%28%20GJAHR%20%3D%20''2014''%20AND%20BUKRS%20%3D%20''0001''%20%29')",
      "uri": "foo/LineItemsSet('-.-.-.-.-.-.8.8.4.-.4.-.-.3.-.7.-.-.-.-.-.-._.201401312014013100012014EURKAST01D._.R%28%20GJAHR%20%3D%20''2014''%20AND%20BUKRS%20%3D%20''0001''%20%29')",
      "type": "com.sap.GL.zrha.LineItems"
    },
    "Bukrs": "0003",
    "Gjahr": "2014",
    "Kunnr": "0002",
    "Dmbtr": "-1000.00",
    "Hwaer": "EUR",
    "BUDAT": "/Date(1391126400000)/",
    "BLDAT": "/Date(1391126400000)/",
    "Cnt": 3,
    "Validated": true,
    "FISCAL_YEAR": "2003",
    "FISCAL_PERIOD": "996",
    "FISCAL_YEAR_PERIOD": "2003996",
    "FISCAL_QUARTER": "3",
    "FISCAL_YEAR_QUARTER": "20033",
    "FISCAL_WEEK": "06",
    "FISCAL_YEAR_WEEK": "200306",
    "FISCAL_DAY_OF_YEAR": "204",
    "Id": "51"
  },
  {
    "__metadata": {
      "id": "foo/LineItemsSet('-.-.-.-.-.-.8.8.4.-.4.-.-.3.-.5.-.-.-.-.-.-._.201412022014120200012014EURMG001._.R%28%20GJAHR%20%3D%20''2014''%20AND%20BUKRS%20%3D%20''0001''%20%29')",
      "uri": "foo/LineItemsSet('-.-.-.-.-.-.8.8.4.-.4.-.-.3.-.5.-.-.-.-.-.-._.201412022014120200012014EURMG001._.R%28%20GJAHR%20%3D%20''2014''%20AND%20BUKRS%20%3D%20''0001''%20%29')",
      "type": "com.sap.GL.zrha.LineItems"
    },
    "Bukrs": "0001",
    "Gjahr": "2014",
    "Kunnr": "0009",
    "Dmbtr": "1000.00",
    "Hwaer": "EUR",
    "BUDAT": "/Date(1417478400000)/",
    "BLDAT": "/Date(1417478400000)/",
    "Cnt": 6,
    "Validated": true,
    "FISCAL_YEAR": "2001",
    "FISCAL_PERIOD": "168",
    "FISCAL_YEAR_PERIOD": "2001168",
    "FISCAL_QUARTER": "1",
    "FISCAL_YEAR_QUARTER": "20011",
    "FISCAL_WEEK": "28",
    "FISCAL_YEAR_WEEK": "200128",
    "FISCAL_DAY_OF_YEAR": "173",
    "Id": "52"
  },
  {
    "__metadata": {
      "id": "foo/LineItemsSet('-.-.-.-.-.-.8.8.4.-.4.-.-.3.-.5.-.-.-.-.-.-._.201412022014120200012014EURC0001._.R%28%20GJAHR%20%3D%20''2014''%20AND%20BUKRS%20%3D%20''0001''%20%29')",
      "uri": "foo/LineItemsSet('-.-.-.-.-.-.8.8.4.-.4.-.-.3.-.5.-.-.-.-.-.-._.201412022014120200012014EURC0001._.R%28%20GJAHR%20%3D%20''2014''%20AND%20BUKRS%20%3D%20''0001''%20%29')",
      "type": "com.sap.GL.zrha.LineItems"
    },
    "Bukrs": "0001",
    "Gjahr": "2014",
    "Kunnr": "0007",
    "Dmbtr": "-1400.00",
    "Hwaer": "EUR",
    "BUDAT": "/Date(1417478400000)/",
    "BLDAT": "/Date(1417478400000)/",
    "Cnt": 1,
    "Validated": true,
    "FISCAL_YEAR": "2004",
    "FISCAL_PERIOD": "156",
    "FISCAL_YEAR_PERIOD": "2004156",
    "FISCAL_QUARTER": "4",
    "FISCAL_YEAR_QUARTER": "20044",
    "FISCAL_WEEK": "44",
    "FISCAL_YEAR_WEEK": "200444",
    "FISCAL_DAY_OF_YEAR": "221",
    "Id": "53"
  },
  {
    "__metadata": {
      "id": "foo/LineItemsSet('-.-.-.-.-.-.8.8.4.-.4.-.-.3.-.10.-.-.-.-.-.-._.201410012014100100012014EUR0000000012._.R%28%20GJAHR%20%3D%20''2014''%20AND%20BUKRS%20%3D%20''0001''%20%29')",
      "uri": "foo/LineItemsSet('-.-.-.-.-.-.8.8.4.-.4.-.-.3.-.10.-.-.-.-.-.-._.201410012014100100012014EUR0000000012._.R%28%20GJAHR%20%3D%20''2014''%20AND%20BUKRS%20%3D%20''0001''%20%29')",
      "type": "com.sap.GL.zrha.LineItems"
    },
    "Bukrs": "0001",
    "Gjahr": "2014",
    "Kunnr": "0003",
    "Dmbtr": "5.00",
    "Hwaer": "EUR",
    "BUDAT": "/Date(1412121600000)/",
    "BLDAT": "/Date(1412121600000)/",
    "Cnt": 2,
    "Validated": true,
    "FISCAL_YEAR": "2009",
    "FISCAL_PERIOD": "460",
    "FISCAL_YEAR_PERIOD": "2009460",
    "FISCAL_QUARTER": "3",
    "FISCAL_YEAR_QUARTER": "20093",
    "FISCAL_WEEK": "43",
    "FISCAL_YEAR_WEEK": "200943",
    "FISCAL_DAY_OF_YEAR": "250",
    "Id": "54"
  },
  {
    "__metadata": {
      "id": "foo/LineItemsSet('-.-.-.-.-.-.8.8.4.-.4.-.-.3.-.7.-.-.-.-.-.-._.201408012014080100012014EURTORSTEN._.R%28%20GJAHR%20%3D%20''2014''%20AND%20BUKRS%20%3D%20''0001''%20%29')",
      "uri": "foo/LineItemsSet('-.-.-.-.-.-.8.8.4.-.4.-.-.3.-.7.-.-.-.-.-.-._.201408012014080100012014EURTORSTEN._.R%28%20GJAHR%20%3D%20''2014''%20AND%20BUKRS%20%3D%20''0001''%20%29')",
      "type": "com.sap.GL.zrha.LineItems"
    },
    "Bukrs": "0001",
    "Gjahr": "2014",
    "Kunnr": "0010",
    "Dmbtr": "-35.00",
    "Hwaer": "EUR",
    "BUDAT": "/Date(1406851200000)/",
    "BLDAT": "/Date(1406851200000)/",
    "Cnt": 3,
    "Validated": true,
    "FISCAL_YEAR": "2005",
    "FISCAL_PERIOD": "382",
    "FISCAL_YEAR_PERIOD": "2005382",
    "FISCAL_QUARTER": "4",
    "FISCAL_YEAR_QUARTER": "20054",
    "FISCAL_WEEK": "30",
    "FISCAL_YEAR_WEEK": "200530",
    "FISCAL_DAY_OF_YEAR": "322",
    "Id": "55"
  },
  {
    "__metadata": {
      "id": "foo/LineItemsSet('-.-.-.-.-.-.8.8.4.-.4.-.-.3.-.9.-.-.-.-.-.-._.201408012014080100012014EURWILZBACH1._.R%28%20GJAHR%20%3D%20''2014''%20AND%20BUKRS%20%3D%20''0001''%20%29')",
      "uri": "foo/LineItemsSet('-.-.-.-.-.-.8.8.4.-.4.-.-.3.-.9.-.-.-.-.-.-._.201408012014080100012014EURWILZBACH1._.R%28%20GJAHR%20%3D%20''2014''%20AND%20BUKRS%20%3D%20''0001''%20%29')",
      "type": "com.sap.GL.zrha.LineItems"
    },
    "Bukrs": "0001",
    "Gjahr": "2014",
    "Kunnr": "0003",
    "Dmbtr": "40.00",
    "Hwaer": "EUR",
    "BUDAT": "/Date(1406851200000)/",
    "BLDAT": "/Date(1406851200000)/",
    "Cnt": 7,
    "Validated": true,
    "FISCAL_YEAR": "2015",
    "FISCAL_PERIOD": "084",
    "FISCAL_YEAR_PERIOD": "2015084",
    "FISCAL_QUARTER": "4",
    "FISCAL_YEAR_QUARTER": "20154",
    "FISCAL_WEEK": "36",
    "FISCAL_YEAR_WEEK": "201536",
    "FISCAL_DAY_OF_YEAR": "245",
    "Id": "56"
  },
  {
    "__metadata": {
      "id": "foo/LineItemsSet('-.-.-.-.-.-.8.8.4.-.4.-.-.3.-.6.-.-.-.-.-.-._.201405072014050700012014EURTILL12._.R%28%20GJAHR%20%3D%20''2014''%20AND%20BUKRS%20%3D%20''0001''%20%29')",
      "uri": "foo/LineItemsSet('-.-.-.-.-.-.8.8.4.-.4.-.-.3.-.6.-.-.-.-.-.-._.201405072014050700012014EURTILL12._.R%28%20GJAHR%20%3D%20''2014''%20AND%20BUKRS%20%3D%20''0001''%20%29')",
      "type": "com.sap.GL.zrha.LineItems"
    },
    "Bukrs": "0001",
    "Gjahr": "2014",
    "Kunnr": "0002",
    "Dmbtr": "2000.00",
    "Hwaer": "EUR",
    "BUDAT": "/Date(1399420800000)/",
    "BLDAT": "/Date(1399420800000)/",
    "Cnt": 6,
    "Validated": true,
    "FISCAL_YEAR": "2006",
    "FISCAL_PERIOD": "428",
    "FISCAL_YEAR_PERIOD": "2006428",
    "FISCAL_QUARTER": "3",
    "FISCAL_YEAR_QUARTER": "20063",
    "FISCAL_WEEK": "27",
    "FISCAL_YEAR_WEEK": "200627",
    "FISCAL_DAY_OF_YEAR": "139",
    "Id": "57"
  },
  {
    "__metadata": {
      "id": "foo/LineItemsSet('-.-.-.-.-.-.8.8.4.-.4.-.-.3.-.5.-.-.-.-.-.-._.201402132014021300012014EURHEIKO._.R%28%20GJAHR%20%3D%20''2014''%20AND%20BUKRS%20%3D%20''0001''%20%29')",
      "uri": "foo/LineItemsSet('-.-.-.-.-.-.8.8.4.-.4.-.-.3.-.5.-.-.-.-.-.-._.201402132014021300012014EURHEIKO._.R%28%20GJAHR%20%3D%20''2014''%20AND%20BUKRS%20%3D%20''0001''%20%29')",
      "type": "com.sap.GL.zrha.LineItems"
    },
    "Bukrs": "0001",
    "Gjahr": "2014",
    "Kunnr": "0007",
    "Dmbtr": "1000.00",
    "Hwaer": "EUR",
    "BUDAT": "/Date(1392249600000)/",
    "BLDAT": "/Date(1392249600000)/",
    "Cnt": 1,
    "Validated": true,
    "FISCAL_YEAR": "2013",
    "FISCAL_PERIOD": "832",
    "FISCAL_YEAR_PERIOD": "2013832",
    "FISCAL_QUARTER": "2",
    "FISCAL_YEAR_QUARTER": "20132",
    "FISCAL_WEEK": "42",
    "FISCAL_YEAR_WEEK": "201342",
    "FISCAL_DAY_OF_YEAR": "212",
    "Id": "58"
  },
  {
    "__metadata": {
      "id": "foo/LineItemsSet('-.-.-.-.-.-.8.8.4.-.4.-.-.3.-.9.-.-.-.-.-.-._.201409012014090100012014EURHOFFMANNT._.R%28%20GJAHR%20%3D%20''2014''%20AND%20BUKRS%20%3D%20''0001''%20%29')",
      "uri": "foo/LineItemsSet('-.-.-.-.-.-.8.8.4.-.4.-.-.3.-.9.-.-.-.-.-.-._.201409012014090100012014EURHOFFMANNT._.R%28%20GJAHR%20%3D%20''2014''%20AND%20BUKRS%20%3D%20''0001''%20%29')",
      "type": "com.sap.GL.zrha.LineItems"
    },
    "Bukrs": "0002",
    "Gjahr": "2014",
    "Kunnr": "0004",
    "Dmbtr": "1000.00",
    "Hwaer": "EUR",
    "BUDAT": "/Date(1409529600000)/",
    "BLDAT": "/Date(1409529600000)/",
    "Cnt": 1,
    "Validated": true,
    "FISCAL_YEAR": "2004",
    "FISCAL_PERIOD": "898",
    "FISCAL_YEAR_PERIOD": "2004898",
    "FISCAL_QUARTER": "3",
    "FISCAL_YEAR_QUARTER": "20043",
    "FISCAL_WEEK": "43",
    "FISCAL_YEAR_WEEK": "200443",
    "FISCAL_DAY_OF_YEAR": "134",
    "Id": "59"
  },
  {
    "__metadata": {
      "id": "foo/LineItemsSet('-.-.-.-.-.-.8.8.4.-.4.-.-.3.-.10.-.-.-.-.-.-._.201401102014011000012014EUR0000000012._.R%28%20GJAHR%20%3D%20''2014''%20AND%20BUKRS%20%3D%20''0001''%20%29')",
      "uri": "foo/LineItemsSet('-.-.-.-.-.-.8.8.4.-.4.-.-.3.-.10.-.-.-.-.-.-._.201401102014011000012014EUR0000000012._.R%28%20GJAHR%20%3D%20''2014''%20AND%20BUKRS%20%3D%20''0001''%20%29')",
      "type": "com.sap.GL.zrha.LineItems"
    },
    "Bukrs": "0003",
    "Gjahr": "2014",
    "Kunnr": "0005",
    "Dmbtr": "-200.00",
    "Hwaer": "EUR",
    "BUDAT": "/Date(1389312000000)/",
    "BLDAT": "/Date(1389312000000)/",
    "Cnt": 17,
    "Validated": true,
    "FISCAL_YEAR": "2011",
    "FISCAL_PERIOD": "862",
    "FISCAL_YEAR_PERIOD": "2011862",
    "FISCAL_QUARTER": "3",
    "FISCAL_YEAR_QUARTER": "20113",
    "FISCAL_WEEK": "38",
    "FISCAL_YEAR_WEEK": "201138",
    "FISCAL_DAY_OF_YEAR": "342",
    "Id": "60"
  },
  {
    "__metadata": {
      "id": "foo/LineItemsSet('-.-.-.-.-.-.8.8.4.-.4.-.-.3.-.5.-.-.-.-.-.-._.201401132014011300012014EURHEIKO._.R%28%20GJAHR%20%3D%20''2014''%20AND%20BUKRS%20%3D%20''0001''%20%29')",
      "uri": "foo/LineItemsSet('-.-.-.-.-.-.8.8.4.-.4.-.-.3.-.5.-.-.-.-.-.-._.201401132014011300012014EURHEIKO._.R%28%20GJAHR%20%3D%20''2014''%20AND%20BUKRS%20%3D%20''0001''%20%29')",
      "type": "com.sap.GL.zrha.LineItems"
    },
    "Bukrs": "0001",
    "Gjahr": "2014",
    "Kunnr": "0010",
    "Dmbtr": "2000.00",
    "Hwaer": "EUR",
    "BUDAT": "/Date(1389571200000)/",
    "BLDAT": "/Date(1389571200000)/",
    "Cnt": 4,
    "Validated": true,
    "FISCAL_YEAR": "2011",
    "FISCAL_PERIOD": "206",
    "FISCAL_YEAR_PERIOD": "2011206",
    "FISCAL_QUARTER": "4",
    "FISCAL_YEAR_QUARTER": "20114",
    "FISCAL_WEEK": "36",
    "FISCAL_YEAR_WEEK": "201136",
    "FISCAL_DAY_OF_YEAR": "80",
    "Id": "61"
  },
  {
    "__metadata": {
      "id": "foo/LineItemsSet('-.-.-.-.-.-.8.8.4.-.4.-.-.3.-.5.-.-.-.-.-.-._.201401302014011300012014EURHEIKO._.R%28%20GJAHR%20%3D%20''2014''%20AND%20BUKRS%20%3D%20''0001''%20%29')",
      "uri": "foo/LineItemsSet('-.-.-.-.-.-.8.8.4.-.4.-.-.3.-.5.-.-.-.-.-.-._.201401302014011300012014EURHEIKO._.R%28%20GJAHR%20%3D%20''2014''%20AND%20BUKRS%20%3D%20''0001''%20%29')",
      "type": "com.sap.GL.zrha.LineItems"
    },
    "Bukrs": "0001",
    "Gjahr": "2014",
    "Kunnr": "0007",
    "Dmbtr": "-1000.00",
    "Hwaer": "EUR",
    "BUDAT": "/Date(1389571200000)/",
    "BLDAT": "/Date(1391040000000)/",
    "Cnt": 1,
    "Validated": true,
    "FISCAL_YEAR": "2010",
    "FISCAL_PERIOD": "022",
    "FISCAL_YEAR_PERIOD": "2010022",
    "FISCAL_QUARTER": "3",
    "FISCAL_YEAR_QUARTER": "20103",
    "FISCAL_WEEK": "17",
    "FISCAL_YEAR_WEEK": "201017",
    "FISCAL_DAY_OF_YEAR": "369",
    "Id": "62"
  },
  {
    "__metadata": {
      "id": "foo/LineItemsSet('-.-.-.-.-.-.8.8.4.-.4.-.-.3.-.5.-.-.-.-.-.-._.201402022014011300012014EURHEIKO._.R%28%20GJAHR%20%3D%20''2014''%20AND%20BUKRS%20%3D%20''0001''%20%29')",
      "uri": "foo/LineItemsSet('-.-.-.-.-.-.8.8.4.-.4.-.-.3.-.5.-.-.-.-.-.-._.201402022014011300012014EURHEIKO._.R%28%20GJAHR%20%3D%20''2014''%20AND%20BUKRS%20%3D%20''0001''%20%29')",
      "type": "com.sap.GL.zrha.LineItems"
    },
    "Bukrs": "0001",
    "Gjahr": "2014",
    "Kunnr": "0009",
    "Dmbtr": "-1000.00",
    "Hwaer": "EUR",
    "BUDAT": "/Date(1389571200000)/",
    "BLDAT": "/Date(1391299200000)/",
    "Cnt": 1,
    "Validated": true,
    "FISCAL_YEAR": "2009",
    "FISCAL_PERIOD": "509",
    "FISCAL_YEAR_PERIOD": "2009509",
    "FISCAL_QUARTER": "2",
    "FISCAL_YEAR_QUARTER": "20092",
    "FISCAL_WEEK": "01",
    "FISCAL_YEAR_WEEK": "200901",
    "FISCAL_DAY_OF_YEAR": "277",
    "Id": "63"
  },
  {
    "__metadata": {
      "id": "foo/LineItemsSet('-.-.-.-.-.-.8.8.4.-.4.-.-.3.-.8.-.-.-.-.-.-._.201401312014021300012014EURWILZBACH._.R%28%20GJAHR%20%3D%20''2014''%20AND%20BUKRS%20%3D%20''0001''%20%29')",
      "uri": "foo/LineItemsSet('-.-.-.-.-.-.8.8.4.-.4.-.-.3.-.8.-.-.-.-.-.-._.201401312014021300012014EURWILZBACH._.R%28%20GJAHR%20%3D%20''2014''%20AND%20BUKRS%20%3D%20''0001''%20%29')",
      "type": "com.sap.GL.zrha.LineItems"
    },
    "Bukrs": "0001",
    "Gjahr": "2014",
    "Kunnr": "0009",
    "Dmbtr": "1000.00",
    "Hwaer": "EUR",
    "BUDAT": "/Date(1392249600000)/",
    "BLDAT": "/Date(1391126400000)/",
    "Cnt": 1,
    "Validated": true,
    "FISCAL_YEAR": "2009",
    "FISCAL_PERIOD": "303",
    "FISCAL_YEAR_PERIOD": "2009303",
    "FISCAL_QUARTER": "4",
    "FISCAL_YEAR_QUARTER": "20094",
    "FISCAL_WEEK": "45",
    "FISCAL_YEAR_WEEK": "200945",
    "FISCAL_DAY_OF_YEAR": "273",
    "Id": "64"
  },
  {
    "__metadata": {
      "id": "foo/LineItemsSet('-.-.-.-.-.-.8.8.4.-.4.-.-.3.-.4.-.-.-.-.-.-._.201401182014011800012014EURTILL._.R%28%20GJAHR%20%3D%20''2014''%20AND%20BUKRS%20%3D%20''0001''%20%29')",
      "uri": "foo/LineItemsSet('-.-.-.-.-.-.8.8.4.-.4.-.-.3.-.4.-.-.-.-.-.-._.201401182014011800012014EURTILL._.R%28%20GJAHR%20%3D%20''2014''%20AND%20BUKRS%20%3D%20''0001''%20%29')",
      "type": "com.sap.GL.zrha.LineItems"
    },
    "Bukrs": "0001",
    "Gjahr": "2014",
    "Kunnr": "0007",
    "Dmbtr": "-14500.00",
    "Hwaer": "EUR",
    "BUDAT": "/Date(1390003200000)/",
    "BLDAT": "/Date(1390003200000)/",
    "Cnt": 5,
    "Validated": true,
    "FISCAL_YEAR": "2015",
    "FISCAL_PERIOD": "673",
    "FISCAL_YEAR_PERIOD": "2015673",
    "FISCAL_QUARTER": "1",
    "FISCAL_YEAR_QUARTER": "20151",
    "FISCAL_WEEK": "14",
    "FISCAL_YEAR_WEEK": "201514",
    "FISCAL_DAY_OF_YEAR": "183",
    "Id": "65"
  },
  {
    "__metadata": {
      "id": "foo/LineItemsSet('-.-.-.-.-.-.8.8.4.-.4.-.-.3.-.5.-.-.-.-.-.-._.201404252014042500012014EURHEIKO._.R%28%20GJAHR%20%3D%20''2014''%20AND%20BUKRS%20%3D%20''0001''%20%29')",
      "uri": "foo/LineItemsSet('-.-.-.-.-.-.8.8.4.-.4.-.-.3.-.5.-.-.-.-.-.-._.201404252014042500012014EURHEIKO._.R%28%20GJAHR%20%3D%20''2014''%20AND%20BUKRS%20%3D%20''0001''%20%29')",
      "type": "com.sap.GL.zrha.LineItems"
    },
    "Bukrs": "0001",
    "Gjahr": "2014",
    "Kunnr": "0004",
    "Dmbtr": "-21000.00",
    "Hwaer": "EUR",
    "BUDAT": "/Date(1398384000000)/",
    "BLDAT": "/Date(1398384000000)/",
    "Cnt": 2,
    "Validated": true,
    "FISCAL_YEAR": "2010",
    "FISCAL_PERIOD": "738",
    "FISCAL_YEAR_PERIOD": "2010738",
    "FISCAL_QUARTER": "3",
    "FISCAL_YEAR_QUARTER": "20103",
    "FISCAL_WEEK": "30",
    "FISCAL_YEAR_WEEK": "201030",
    "FISCAL_DAY_OF_YEAR": "362",
    "Id": "66"
  },
  {
    "__metadata": {
      "id": "foo/LineItemsSet('-.-.-.-.-.-.8.8.4.-.4.-.-.3.-.4.-.-.-.-.-.-._.201403142014031400012014EURTILL._.R%28%20GJAHR%20%3D%20''2014''%20AND%20BUKRS%20%3D%20''0001''%20%29')",
      "uri": "foo/LineItemsSet('-.-.-.-.-.-.8.8.4.-.4.-.-.3.-.4.-.-.-.-.-.-._.201403142014031400012014EURTILL._.R%28%20GJAHR%20%3D%20''2014''%20AND%20BUKRS%20%3D%20''0001''%20%29')",
      "type": "com.sap.GL.zrha.LineItems"
    },
    "Bukrs": "0001",
    "Gjahr": "2014",
    "Kunnr": "0002",
    "Dmbtr": "0.00",
    "Hwaer": "EUR",
    "BUDAT": "/Date(1394755200000)/",
    "BLDAT": "/Date(1394755200000)/",
    "Cnt": 2,
    "Validated": true,
    "FISCAL_YEAR": "2014",
    "FISCAL_PERIOD": "569",
    "FISCAL_YEAR_PERIOD": "2014569",
    "FISCAL_QUARTER": "3",
    "FISCAL_YEAR_QUARTER": "20143",
    "FISCAL_WEEK": "39",
    "FISCAL_YEAR_WEEK": "201439",
    "FISCAL_DAY_OF_YEAR": "179",
    "Id": "67"
  },
  {
    "__metadata": {
      "id": "foo/LineItemsSet('-.-.-.-.-.-.8.8.4.-.4.-.-.3.-.4.-.-.-.-.-.-._.201401172014011700012014EURTILL._.R%28%20GJAHR%20%3D%20''2014''%20AND%20BUKRS%20%3D%20''0001''%20%29')",
      "uri": "foo/LineItemsSet('-.-.-.-.-.-.8.8.4.-.4.-.-.3.-.4.-.-.-.-.-.-._.201401172014011700012014EURTILL._.R%28%20GJAHR%20%3D%20''2014''%20AND%20BUKRS%20%3D%20''0001''%20%29')",
      "type": "com.sap.GL.zrha.LineItems"
    },
    "Bukrs": "0001",
    "Gjahr": "2014",
    "Kunnr": "0008",
    "Dmbtr": "-4900.00",
    "Hwaer": "EUR",
    "BUDAT": "/Date(1389916800000)/",
    "BLDAT": "/Date(1389916800000)/",
    "Cnt": 2,
    "Validated": true,
    "FISCAL_YEAR": "2007",
    "FISCAL_PERIOD": "127",
    "FISCAL_YEAR_PERIOD": "2007127",
    "FISCAL_QUARTER": "2",
    "FISCAL_YEAR_QUARTER": "20072",
    "FISCAL_WEEK": "42",
    "FISCAL_YEAR_WEEK": "200742",
    "FISCAL_DAY_OF_YEAR": "274",
    "Id": "68"
  },
  {
    "__metadata": {
      "id": "foo/LineItemsSet('-.-.-.-.-.-.8.8.4.-.4.-.-.3.-.8.-.-.-.-.-.-._.201401162014011600012014EURMG001_HO._.R%28%20GJAHR%20%3D%20''2014''%20AND%20BUKRS%20%3D%20''0001''%20%29')",
      "uri": "foo/LineItemsSet('-.-.-.-.-.-.8.8.4.-.4.-.-.3.-.8.-.-.-.-.-.-._.201401162014011600012014EURMG001_HO._.R%28%20GJAHR%20%3D%20''2014''%20AND%20BUKRS%20%3D%20''0001''%20%29')",
      "type": "com.sap.GL.zrha.LineItems"
    },
    "Bukrs": "0001",
    "Gjahr": "2014",
    "Kunnr": "0009",
    "Dmbtr": "10000.00",
    "Hwaer": "EUR",
    "BUDAT": "/Date(1389830400000)/",
    "BLDAT": "/Date(1389830400000)/",
    "Cnt": 5,
    "Validated": true,
    "FISCAL_YEAR": "2007",
    "FISCAL_PERIOD": "849",
    "FISCAL_YEAR_PERIOD": "2007849",
    "FISCAL_QUARTER": "4",
    "FISCAL_YEAR_QUARTER": "20074",
    "FISCAL_WEEK": "42",
    "FISCAL_YEAR_WEEK": "200742",
    "FISCAL_DAY_OF_YEAR": "293",
    "Id": "69"
  }
]