{
  "run": [
    {
      "filePath": "/WebContent/index.html",
      "previewMode": 1,
      "dataMode": 1,
      "workspace": "withoutWorkspace",
      "ui5ActiveVersion": null,
      "ui5VerSource": null,
      "isDefaultVersion": 0,
      "urlParameters": [],
      "hashParameter": "",
      "backendSystem": [],
      "_metadata": {
        "runnerId": "webapprunner",
        "id": 161782,
        "displayName": "Run index.html",
        "lastRunTimeStamp": 1631625508805
      }
    },
    {
      "filePath": "/WebContent/Component.js",
      "previewMode": 1,
      "dataMode": 1,
      "workspace": "withoutWorkspace",
      "ui5ActiveVersion": null,
      "ui5VerSource": null,
      "isDefaultVersion": 0,
      "urlParameters": [],
      "hashParameter": "",
      "backendSystem": [],
      "_metadata": {
        "runnerId": "fiorirunner",
        "id": 3084011,
        "displayName": "Run Component.js",
        "lastRunTimeStamp": 1604660965137
      }
    }
  ]
}