<mvc:View xmlns:mvc="sap.ui.core.mvc" xmlns:layout="sap.ui.layout" xmlns:forms="sap.ui.layout.form" xmlns="sap.m" xmlns:u="sap.ui.unified">
	<layout:Grid defaultSpan="L12 M12 S12" width="auto" vSpacing="0" hSpacing="0">
		<layout:content>
			<forms:SimpleForm minWidth="1024" maxContainerCols="2" layout="ResponsiveGridLayout" labelSpanL="4" labelSpanM="4" emptySpanL="4"
				emptySpanM="4" columnsL="1" columnsM="1">
				<Table items="{/items}">
					<headerToolbar>
						<Toolbar>
							<Title text="" level="H2"/>
						</Toolbar>
					</headerToolbar>
					<columns>
						<Column demandPopin="true" minScreenWidth="Tablet">
							<Label text="Fiori Id" design="Bold"/>
						</Column>
						<Column demandPopin="true" minScreenWidth="Tablet">
							<Label text="App Name" design="Bold"/>
						</Column>
						<Column demandPopin="true" minScreenWidth="Tablet">
							<Label text="App Description" design="Bold"/>
						</Column>
					</columns>
					<items>
						<ColumnListItem press="onPress">
							<cells>
								<Text text="{Sday}"/>
								<Text text="{Eday}"/>
								<Text text="{startdate}"/>
							</cells>
						</ColumnListItem>
					</items>
					<layoutData>
						<layout:GridData span="L12 M12 S12"/>
					</layoutData>
				</Table>
			</forms:SimpleForm>
		</layout:content>
	</layout:Grid>
</mvc:View>