<core:FragmentDefinition xmlns="sap.m" xmlns:core="sap.ui.core" xmlns:mvc="sap.ui.core.mvc">
	<ResponsivePopover contentWidth="40%" contentHeight="55%" title="Settings" class="sapUiPopupWithPadding topcss" placement="Left">
		<content>
				<Label text = "Productivity Savings in %" width="64%" class= "sapUiLargeMarginTop"/>
		<Input id="idnumber" value="20" class="EYinputfield" width="55%" />
			<Label text = "FTE Cost per Hour($)" width="64%" class= "sapUiLargeMarginTop"/>
		<Input id="idDoller" value="50" class="EYinputfield" width="55%" />
		<Label text = "Transactions Usage" width="64%" class= "sapUiLargeMarginTop"/>
		<RadioButtonGroup  columns="3" selectedIndex="1" class="sapUiMediumMarginBottom">
			<RadioButton id="RB2-1" text="Low" />
			<RadioButton id="RB2-2" text="Medium" />
			<RadioButton id="RB2-3" text="High" />
		</RadioButtonGroup>
		</content>
		
		<beginButton>
			<Button text="Cancel" class="buttonFragC sapUiTinyMarginBottom" press="handleCloseButtonT"/>
		</beginButton>
		<endButton>
			<Button text="Apply" class="buttonFragA sapUiTinyMarginBottom" press="handleApplyButtonT"/>
		</endButton>
	</ResponsivePopover>
</core:FragmentDefinition>