<core:FragmentDefinition xmlns="sap.m" xmlns:core="sap.ui.core" xmlns:f="sap.ui.layout.form"
	xmlns:app="http://schemas.sap.com/sapui5/extension/sap.ui.core.CustomData/1">
	<Dialog  id="addExtOrderDialog" title='Select Order'>
		<content>
			<f:SimpleForm layout="GridLayout" labelSpanXL="6" labelSpanL="6" labelSpanM="6" labelSpanS="6" adjustLabelSpan="false" emptySpanXL="6"
				emptySpanL="6" emptySpanM="6" emptySpanS="0" columnsXL="2" columnsL="2" columnsM="2" singleContainerFullSize="false">
				<f:content>
					<Label text="Select Order" required="true"></Label>
					<ComboBox items="{/OrderCartSet}">
						<core:Item key='{ORDERID}' text='{ORDERID}'  app:textData='{OrderstoDetails}'></core:Item>
					</ComboBox>
				</f:content>
			</f:SimpleForm>
		</content>
		<endButton>
			<Button text='Confirm' type='Emphasized' press='onConfirmApps'/>
		</endButton>
	</Dialog>
</core:FragmentDefinition>